Workbook

Sheet Phương Pháp Định Giá
A1: PHƯƠNG PHÁP ĐỊNH GIÁ V9 - THÁNG 3/2026
A2: Bản Final chi tiết đã check Phương pháp luận & Quy trình - 30Shine_PhuongPhapLuan_FINAL.md
A3: TRIẾT LÝ CỐT LÕI
A4: Tầng 1: WTP → Xác định KHUNG GIÁ [Sàn L ; Trần H]
A5: Tầng 2: CPI × EPI → Xác định VỊ TRÍ trong khung WTP
A6: Công thức: P_min = L + α_low × (H-L), P_max = L + α_high × (H-L)
A8: MA TRẬN CPI × EPI → HỆ SỐ α
A9: CPI \ EPI | B9: EPI Thấp | C9: EPI Trung | D9: EPI Cao
A10: CPI Cao | B10: [0.15 ; 0.35] | C10: [0.25 ; 0.45] | D10: [0.35 ; 0.55]
A11: CPI Trung | B11: [0.25 ; 0.50] | C11: [0.40 ; 0.65] | D11: [0.55 ; 0.80]
A12: CPI Thấp | B12: [0.40 ; 0.65] | C12: [0.55 ; 0.85] | D12: [0.70 ; 1.00]
A14: 4 KỊCH BẢN VẬN HÀNH
A15: KB1: Hút Traffic | B15: =P_min | C15: Thu hút khách mới
A16: KB2: Tăng AOV | B16: =P_max | C16: Tăng doanh thu/margin
A17: KB3: Cân Bằng | B17: =(P_min + P_max) / 2 | C17: Cân bằng lượng và giá
A18: KB4: Giảm Quá Tải | B18: = P_min + 0.85 × (P_max - P_min) | C18: Điều tiết khi quá đông
A20: PHÂN LOẠI CHỈ SỐ
A21: CPI: Cao ≥ 0.6 | Trung 0.4-0.6 | Thấp < 0.4
A22: EPI: Phân loại bằng Percentile P33/P67
A23: EPI P33 = 0.4142, P67 = 0.4540 (trong lần chạy này)

Sheet Cắt Gội
A1: SalonID | B1: Tên Salon | C1: Mã Salon | D1: Tỉnh/TP | E1: Cụm | F1: Loại Cụm | G1: CPI | H1: CPI Level | I1: EPI | J1: EPI Level | K1: Giá Hiện Tại | L1: WTP Sàn (L) | M1: WTP Trần (H) | N1: Hệ Số α_low | O1: Hệ Số α_high | P1: P_min (Khung Dưới) | Q1: P_max (Khung Trên) | R1: Khung Giá Đề Xuất | S1: KB1: Hút Traffic | T1: KB2: Tăng AOV | U1: KB3: Cân Bằng | V1: KB4: Giảm Quá Tải | W1: GDTM Đề xuất - KB2: Tăng AOV | X1: ID dv | Z1: Giá hiện tại | AA1: Chênh lệch giá cũ | AB1: % Chênh lệch
A2: 39 | B2: 151 Cầu Giấy, Q. CG | C2: 151 CG | D2: Hà Nội | E2: 1 | F2: Cụm gốc | G2: 0.6444 | H2: Cao | I2: 0.4063 | J2: Thấp | K2: 150000 | L2: 80000 | M2: 120000 | N2: 0.15 | O2: 0.35 | P2: 86000 | Q2: 94000 | R2: 86k - 94k | S2: 86000 | T2: 94000 | U2: 90000 | V2: 93000 | W2: =T2 | X2: 891 | Y2: =C2&X2 | Z2: =VLOOKUP(Y2,'Data giá Relax hiện tại'!$D:$F,3,0) | AA2: =W2-Z2 | AB2: =AA2/Z2
A3: 146 | B3: 109 Trần Quốc Hoàn | C3: 109 TQH | D3: Hà Nội | E3: 1 | F3: Cụm gốc | G3: 0.6773 | H3: Cao | I3: 0.4359 | J3: Trung | K3: 150000 | L3: 80000 | M3: 120000 | N3: 0.25 | O3: 0.45 | P3: 90000 | Q3: 98000 | R3: 90k - 98k | S3: 90000 | T3: 98000 | U3: 94000 | V3: 97000 | W3: =T3 | X3: 891 | Y3: =C3&X3 | Z3: =VLOOKUP(Y3,'Data giá Relax hiện tại'!$D:$F,3,0) | AA3: =W3-Z3 | AB3: =AA3/Z3
A4: 2 | B4: 346 Khâm Thiên | C4: 346 KT | D4: Hà Nội | E4: 3 | F4: Cụm gốc | G4: 0.6615 | H4: Cao | I4: 0.471 | J4: Cao | K4: 85000 | L4: 100000 | M4: 101000 | N4: 0.35 | O4: 0.55 | P4: 100000 | Q4: 101000 | R4: 100k - 101k | S4: 100000 | T4: 101000 | U4: 100000 | V4: 101000 | W4: 101000 | X4: 891 | Y4: =C4&X4 | Z4: =VLOOKUP(Y4,'Data giá Relax hiện tại'!$D:$F,3,0) | AA4: =W4-Z4 | AB4: =AA4/Z4
A5: 228 | B5: 62 Láng Hạ | C5: 62 LH | D5: Hà Nội | E5: 4 | F5: Cụm gốc | G5: 0.6146 | H5: Cao | I5: 0.4489 | J5: Trung | K5: 135000 | L5: 89000 | M5: 101000 | N5: 0.25 | O5: 0.45 | P5: 92000 | Q5: 94000 | R5: 92k - 94k | S5: 92000 | T5: 94000 | U5: 93000 | V5: 94000 | W5: 98000 | X5: 891 | Y5: =C5&X5 | Z5: =VLOOKUP(Y5,'Data giá Relax hiện tại'!$D:$F,3,0) | AA5: =W5-Z5 | AB5: =AA5/Z5 | AC5: =+4000
A6: 20 | B6: 382 Nguyễn Trãi | C6: 382 NT | D6: Hà Nội | E6: 5 | F6: Cụm gốc | G6: 0.5809 | H6: Trung | I6: 0.5018 | J6: Cao | K6: 100000 | L6: 89000 | M6: 119000 | N6: 0.55 | O6: 0.8 | P6: 106000 | Q6: 113000 | R6: 106k - 113k | S6: 106000 | T6: 113000 | U6: 109000 | V6: 112000 | W6: 112000 | X6: 891 | Y6: =C6&X6 | Z6: =VLOOKUP(Y6,'Data giá Relax hiện tại'!$D:$F,3,0) | AA6: =W6-Z6 | AB6: =AA6/Z6 | AC6: 3000
A7: 210 | B7: 148B Trương Định | C7: 148 TD | D7: Hà Nội | E7: 6 | F7: Cụm gốc | G7: 0.6448 | H7: Cao | I7: 0.361 | J7: Thấp | K7: 135000 | L7: 89000 | M7: 119000 | N7: 0.15 | O7: 0.35 | P7: 94000 | Q7: 100000 | R7: 94k - 100k | S7: 94000 | T7: 100000 | U7: 96000 | V7: 99000 | W7: =T7 | X7: 891 | Y7: =C7&X7 | Z7: =VLOOKUP(Y7,'Data giá Relax hiện tại'!$D:$F,3,0) | AA7: =W7-Z7 | AB7: =AA7/Z7
A8: 250 | B8: 173 Thanh Nhàn | C8: 173 TN | D8: Hà Nội | E8: 6 | F8: Cụm gốc | G8: 0.6493 | H8: Cao | I8: 0.4431 | J8: Trung | K8: 160000 | L8: 89000 | M8: 119000 | N8: 0.25 | O8: 0.45 | P8: 96000 | Q8: 102000 | R8: 96k - 102k | S8: 96000 | T8: 102000 | U8: 100000 | V8: 102000 | W8: =T8 | X8: 891 | Y8: =C8&X8 | Z8: =VLOOKUP(Y8,'Data giá Relax hiện tại'!$D:$F,3,0) | AA8: =W8-Z8 | AB8: =AA8/Z8
A9: 143 | B9: 10 Trần Phú | C9: 10 TP | D9: Hà Nội | E9: 7 | F9: Cụm gốc | G9: 0.6802 | H9: Cao | I9: 0.446 | J9: Trung | K9: 135000 | L9: 90000 | M9: 101000 | N9: 0.25 | O9: 0.45 | P9: 93000 | Q9: 95000 | R9: 93k - 95k | S9: 93000 | T9: 95000 | U9: 94000 | V9: 95000 | W9: =T9 | X9: 891 | Y9: =C9&X9 | Z9: =VLOOKUP(Y9,'Data giá Relax hiện tại'!$D:$F,3,0) | AA9: =W9-Z9 | AB9: =AA9/Z9
A10: 245 | B10: 55A Nguyễn Văn Lộc | C10: 55A NVL | D10: Hà Nội | E10: 7 | F10: Cụm gốc | G10: 0.5529 | H10: Trung | I10: 0.4737 | J10: Cao | K10: 135000 | L10: 90000 | M10: 101000 | N10: 0.55 | O10: 0.8 | P10: 96000 | Q10: 99000 | R10: 96k - 99k | S10: 96000 | T10: 99000 | U10: 97000 | V10: 98000 | W10: =T10 | X10: 891 | Y10: =C10&X10 | Z10: =VLOOKUP(Y10,'Data giá Relax hiện tại'!$D:$F,3,0) | AA10: =W10-Z10 | AB10: =AA10/Z10
A11: 239 | B11: 186 Quang Trung | C11: 186 QT | D11: Hà Nội | E11: 8 | F11: Cụm gốc | G11: 0.5104 | H11: Trung | I11: 0.3918 | J11: Thấp | K11: 110000 | L11: 101000 | M11: 150000 | N11: 0.25 | O11: 0.5 | P11: 113000 | Q11: 126000 | R11: 113k - 126k | S11: 113000 | T11: 126000 | U11: 119000 | V11: 124000 | W11: =105000 | X11: 891 | Y11: =C11&X11 | Z11: =VLOOKUP(Y11,'Data giá Relax hiện tại'!$D:$F,3,0) | AA11: =W11-Z11 | AB11: =AA11/Z11
A12: 231 | B12: 304 Nguyễn Trãi | C12: 304 NT TH | D12: Thanh Hóa | E12: 9 | F12: Cụm gốc | G12: 0.4811 | H12: Trung | I12: 0.4096 | J12: Thấp | K12: 135000 | L12: 100000 | M12: 120000 | N12: 0.25 | O12: 0.5 | P12: 105000 | Q12: 110000 | R12: 105k - 110k | S12: 105000 | T12: 110000 | U12: 108000 | V12: 109000 | W12: =T12 | X12: 891 | Y12: =C12&X12 | Z12: =VLOOKUP(Y12,'Data giá Relax hiện tại'!$D:$F,3,0) | AA12: =W12-Z12 | AB12: =AA12/Z12
A13: 232 | B13: 80 Trần Phú | C13: 80 TP TH | D13: Thanh Hóa | E13: 9 | F13: Cụm gốc | G13: 0.5226 | H13: Trung | I13: 0.4058 | J13: Thấp | K13: 85000 | L13: 100000 | M13: 120000 | N13: 0.25 | O13: 0.5 | P13: 105000 | Q13: 110000 | R13: 105k - 110k | S13: 105000 | T13: 110000 | U13: 108000 | V13: 109000 | W13: =T13 | X13: 891 | Y13: =C13&X13 | Z13: =VLOOKUP(Y13,'Data giá Relax hiện tại'!$D:$F,3,0) | AA13: =W13-Z13 | AB13: =AA13/Z13
A14: 233 | B14: 595 Bà Triệu | C14: 595 BT TH | D14: Thanh Hóa | E14: 9 | F14: Cụm gốc | G14: 0.5387 | H14: Trung | I14: 0.4489 | J14: Trung | K14: 85000 | L14: 100000 | M14: 120000 | N14: 0.4 | O14: 0.65 | P14: 108000 | Q14: 113000 | R14: 108k - 113k | S14: 108000 | T14: 113000 | U14: 110000 | V14: 112000 | W14: 112000 | X14: 891 | Y14: =C14&X14 | Z14: =VLOOKUP(Y14,'Data giá Relax hiện tại'!$D:$F,3,0) | AA14: =W14-Z14 | AB14: =AA14/Z14 | AC14: 4000
A15: 212 | B15: 58 Nguyễn Văn Cừ | C15: 58 NVC NA | D15: Nghệ An | E15: 10 | F15: Cụm gốc | G15: 0.5736 | H15: Trung | I15: 0.3468 | J15: Thấp | K15: 135000 | L15: 80000 | M15: 100000 | N15: 0.25 | O15: 0.5 | P15: 85000 | Q15: 90000 | R15: 85k - 90k | S15: 85000 | T15: 90000 | U15: 88000 | V15: 89000 | W15: =Z15 | X15: 891 | Y15: =C15&X15 | Z15: =VLOOKUP(Y15,'Data giá Relax hiện tại'!$D:$F,3,0) | AA15: =W15-Z15 | AB15: =AA15/Z15
A16: 60 | B16: 80 Phú Lợi | C16: 80 PL BD | D16: Bình Dương | E16: 11 | F16: Cụm gốc | G16: 0.5268 | H16: Trung | I16: 0.366 | J16: Thấp | K16: 85000 | L16: 90000 | M16: 101000 | N16: 0.25 | O16: 0.5 | P16: 93000 | Q16: 96000 | R16: 93k - 96k | S16: 93000 | T16: 96000 | U16: 94000 | V16: 95000 | W16: =T16 | X16: 891 | Y16: =C16&X16 | Z16: =VLOOKUP(Y16,'Data giá Relax hiện tại'!$D:$F,3,0) | AA16: =W16-Z16 | AB16: =AA16/Z16
A17: 52 | B17: 451 Phạm Văn Thuận | C17: 451 PVT | D17: Đồng Nai | E17: 12 | F17: Cụm gốc | G17: 0.5405 | H17: Trung | I17: 0.3055 | J17: Thấp | K17: 135000 | L17: 99000 | M17: 110000 | N17: 0.25 | O17: 0.5 | P17: 102000 | Q17: 104000 | R17: 102k - 104k | S17: 102000 | T17: 104000 | U17: 103000 | V17: 104000 | W17: =S17 | X17: 891 | Y17: =C17&X17 | Z17: =VLOOKUP(Y17,'Data giá Relax hiện tại'!$D:$F,3,0) | AA17: =W17-Z17 | AB17: =AA17/Z17
A18: 247 | B18: 1371 Phạm Văn Thuận | C18: 1371 PVT | D18: Đồng Nai | E18: 12 | F18: Cụm gốc | G18: 0.5754 | H18: Trung | I18: 0.3136 | J18: Thấp | K18: 85000 | L18: 99000 | M18: 110000 | N18: 0.25 | O18: 0.5 | P18: 102000 | Q18: 104000 | R18: 102k - 104k | S18: 102000 | T18: 104000 | U18: 103000 | V18: 104000 | W18: =T18 | X18: 891 | Y18: =C18&X18 | Z18: =VLOOKUP(Y18,'Data giá Relax hiện tại'!$D:$F,3,0) | AA18: =W18-Z18 | AB18: =AA18/Z18
A19: 46 | B19: 483 Thống Nhất | C19: 483 TN | D19: Không xác định | E19: 14 | F19: Cụm gốc | G19: 0.5299 | H19: Trung | I19: 0.4186 | J19: Trung | K19: 150000 | L19: 90000 | M19: 120000 | N19: 0.4 | O19: 0.65 | P19: 102000 | Q19: 110000 | R19: 102k - 110k | S19: 102000 | T19: 110000 | U19: 106000 | V19: 108000 | W19: =S19 | X19: 891 | Y19: =C19&X19 | Z19: =VLOOKUP(Y19,'Data giá Relax hiện tại'!$D:$F,3,0) | AA19: =W19-Z19 | AB19: =AA19/Z19
A20: 12 | B20: 12 Lê Đức Thọ | C20: 12 LDT | D20: Hồ Chí Minh | E20: 15 | F20: Cụm gốc | G20: 0.7678 | H20: Cao | I20: 0.4194 | J20: Trung | K20: 100000 | L20: 94000 | M20: 120000 | N20: 0.25 | O20: 0.45 | P20: 100000 | Q20: 106000 | R20: 100k - 106k | S20: 100000 | T20: 106000 | U20: 103000 | V20: 105000 | W20: =T20 | X20: 891 | Y20: =C20&X20 | Z20: =VLOOKUP(Y20,'Data giá Relax hiện tại'!$D:$F,3,0) | AA20: =W20-Z20 | AB20: =AA20/Z20
A21: 69 | B21: 312 Lê Văn Sỹ | C21: 312 LVS | D21: Không xác định | E21: 16 | F21: Cụm gốc | G21: 0.6377 | H21: Cao | I21: 0.4263 | J21: Trung | K21: 85000 | L21: 90000 | M21: 110000 | N21: 0.25 | O21: 0.45 | P21: 95000 | Q21: 99000 | R21: 95k - 99k | S21: 95000 | T21: 99000 | U21: 97000 | V21: 98000 | W21: =T21 | X21: 891 | Y21: =C21&X21 | Z21: =VLOOKUP(Y21,'Data giá Relax hiện tại'!$D:$F,3,0) | AA21: =W21-Z21 | AB21: =AA21/Z21
A22: 205 | B22: 341 Xô Viết Nghệ Tĩnh | C22: 341 XVNT | D22: Hồ Chí Minh | E22: 17 | F22: Cụm gốc | G22: 0.6578 | H22: Cao | I22: 0.3726 | J22: Thấp | K22: 135000 | L22: 90000 | M22: 110000 | N22: 0.15 | O22: 0.35 | P22: 93000 | Q22: 97000 | R22: 93k - 97k | S22: 93000 | T22: 97000 | U22: 95000 | V22: 96000 | W22: =T22 | X22: 891 | Y22: =C22&X22 | Z22: =VLOOKUP(Y22,'Data giá Relax hiện tại'!$D:$F,3,0) | AA22: =W22-Z22 | AB22: =AA22/Z22
A23: 21 | B23: 575 Âu Cơ | C23: 575 AC | D23: Hồ Chí Minh | E23: 18 | F23: Cụm gốc | G23: 0.644 | H23: Cao | I23: 0.4483 | J23: Trung | K23: 135000 | L23: 90000 | M23: 120000 | N23: 0.25 | O23: 0.45 | P23: 98000 | Q23: 104000 | R23: 98k - 104k | S23: 98000 | T23: 104000 | U23: 100000 | V23: 103000 | W23: =T23 | X23: 891 | Y23: =C23&X23 | Z23: =VLOOKUP(Y23,'Data giá Relax hiện tại'!$D:$F,3,0) | AA23: =W23-Z23 | AB23: =AA23/Z23
A24: 147 | B24: 99 Tân Sơn Nhì | C24: 99 TSN | D24: Hồ Chí Minh | E24: 18 | F24: Cụm gốc | G24: 0.6664 | H24: Cao | I24: 0.4415 | J24: Trung | K24: 85000 | L24: 90000 | M24: 120000 | N24: 0.25 | O24: 0.45 | P24: 98000 | Q24: 104000 | R24: 98k - 104k | S24: 98000 | T24: 104000 | U24: 100000 | V24: 103000 | W24: =T24 | X24: 891 | Y24: =C24&X24 | Z24: =VLOOKUP(Y24,'Data giá Relax hiện tại'!$D:$F,3,0) | AA24: =W24-Z24 | AB24: =AA24/Z24
A25: 193 | B25: 145 Tô Hiến Thành | C25: 145 THT | D25: Hồ Chí Minh | E25: 19 | F25: Cụm gốc | G25: 0.5476 | H25: Trung | I25: 0.4086 | J25: Thấp | K25: 85000 | L25: 80000 | M25: 119000 | N25: 0.25 | O25: 0.5 | P25: 90000 | Q25: 100000 | R25: 90k - 100k | S25: 90000 | T25: 100000 | U25: 95000 | V25: 98000 | W25: =T25 | X25: 891 | Y25: =C25&X25 | Z25: =VLOOKUP(Y25,'Data giá Relax hiện tại'!$D:$F,3,0) | AA25: =W25-Z25 | AB25: =AA25/Z25
A26: 141 | B26: 236 Dương Bá Trạc | C26: 236 DBT | D26: Hồ Chí Minh | E26: 20 | F26: Cụm gốc | G26: 0.6503 | H26: Cao | I26: 0.4151 | J26: Trung | K26: 100000 | L26: 91000 | M26: 120000 | N26: 0.25 | O26: 0.45 | P26: 98000 | Q26: 104000 | R26: 98k - 104k | S26: 98000 | T26: 104000 | U26: 101000 | V26: 103000 | W26: =T26 | X26: 891 | Y26: =C26&X26 | Z26: =VLOOKUP(Y26,'Data giá Relax hiện tại'!$D:$F,3,0) | AA26: =W26-Z26 | AB26: =AA26/Z26
A27: 51 | B27: 420 Huỳnh Tấn Phát | C27: 420 HTP | D27: Hồ Chí Minh | E27: 21 | F27: Cụm gốc | G27: 0.5667 | H27: Trung | I27: 0.42 | J27: Trung | K27: 85000 | L27: 89000 | M27: 101000 | N27: 0.4 | O27: 0.65 | P27: 94000 | Q27: 97000 | R27: 94k - 97k | S27: 94000 | T27: 97000 | U27: 95000 | V27: 96000 | W27: =T27 | X27: 891 | Y27: =C27&X27 | Z27: =VLOOKUP(Y27,'Data giá Relax hiện tại'!$D:$F,3,0) | AA27: =W27-Z27 | AB27: =AA27/Z27
A28: 145 | B28: 237 Nguyễn Thị Thập | C28: 237 NTT | D28: Hồ Chí Minh | E28: 21 | F28: Cụm gốc | G28: 0.7782 | H28: Cao | I28: 0.4394 | J28: Trung | K28: 110000 | L28: 89000 | M28: 101000 | N28: 0.25 | O28: 0.45 | P28: 92000 | Q28: 94000 | R28: 92k - 94k | S28: 92000 | T28: 94000 | U28: 93000 | V28: 94000 | W28: =T28 | X28: 891 | Y28: =C28&X28 | Z28: =VLOOKUP(Y28,'Data giá Relax hiện tại'!$D:$F,3,0) | AA28: =W28-Z28 | AB28: =AA28/Z28
A29: 11 | B29: 8 Châu Văn Liêm | C29: 8 CVL | D29: Hồ Chí Minh | E29: 22 | F29: Cụm mới (cùng tỉnh) | G29: 0.5672 | H29: Trung | I29: 0.3932 | J29: Thấp | K29: 105000 | L29: 99000 | M29: 101000 | N29: 0.25 | O29: 0.5 | P29: 100000 | Q29: 100000 | R29: 100k - 100k | S29: 100000 | T29: 100000 | U29: 100000 | V29: 100000 | W29: 100000 | X29: 891 | Y29: =C29&X29 | Z29: =VLOOKUP(Y29,'Data giá Relax hiện tại'!$D:$F,3,0) | AA29: =W29-Z29 | AB29: =AA29/Z29
A30: 22 | B30: 927 Hậu Giang | C30: 927 HG | D30: Hồ Chí Minh | E30: 22 | F30: Cụm mới (cùng tỉnh) | G30: 0.6209 | H30: Cao | I30: 0.432 | J30: Trung | L30: 99000 | M30: 101000 | N30: 0.25 | O30: 0.45 | P30: 100000 | Q30: 100000 | R30: 100k - 100k | S30: 100000 | T30: 100000 | U30: 100000 | V30: 100000 | W30: =T30 | X30: 891 | Y30: =C30&X30 | Z30: =VLOOKUP(Y30,'Data giá Relax hiện tại'!$D:$F,3,0) | AA30: =W30-Z30 | AB30: =AA30/Z30
A31: 58 | B31: 730 Tỉnh lộ 10 | C31: 730 TL10 | D31: Hồ Chí Minh | E31: 22 | F31: Cụm mới (cùng tỉnh) | G31: 0.5145 | H31: Trung | I31: 0.4168 | J31: Trung | K31: 85000 | L31: 99000 | M31: 101000 | N31: 0.4 | O31: 0.65 | P31: 100000 | Q31: 100000 | R31: 100k - 100k | S31: 100000 | T31: 100000 | U31: 100000 | V31: 100000 | W31: =T31 | X31: 891 | Y31: =C31&X31 | Z31: =VLOOKUP(Y31,'Data giá Relax hiện tại'!$D:$F,3,0) | AA31: =W31-Z31 | AB31: =AA31/Z31
A32: 188 | B32: 190 Hòa Bình | C32: 190 HB | D32: Hồ Chí Minh | E32: 22 | F32: Cụm mới (cùng tỉnh) | G32: 0.6785 | H32: Cao | I32: 0.412 | J32: Thấp | K32: 135000 | L32: 99000 | M32: 101000 | N32: 0.15 | O32: 0.35 | P32: 99000 | Q32: 100000 | R32: 99k - 100k | S32: 99000 | T32: 100000 | U32: 100000 | V32: 100000 | W32: =T32 | X32: 891 | Y32: =C32&X32 | Z32: =VLOOKUP(Y32,'Data giá Relax hiện tại'!$D:$F,3,0) | AA32: =W32-Z32 | AB32: =AA32/Z32
A33: 63 | B33: 29 Hiệp Bình | C33: 29 HB | D33: Hồ Chí Minh | E33: 23 | F33: Cụm mới (cùng tỉnh) | G33: 0.5142 | H33: Trung | I33: 0.379 | J33: Thấp | K33: 150000 | L33: 80000 | M33: 100000 | N33: 0.25 | O33: 0.5 | P33: 85000 | Q33: 90000 | R33: 85k - 90k | S33: 85000 | T33: 90000 | U33: 88000 | V33: 89000 | W33: =Z33 | X33: 891 | Y33: =C33&X33 | Z33: =VLOOKUP(Y33,'Data giá Relax hiện tại'!$D:$F,3,0) | AA33: =W33-Z33 | AB33: =AA33/Z33
A34: 204 | B34: 401/1 Nguyễn Duy Trinh | C34: 401/1 NDT | D34: Hồ Chí Minh | E34: 23 | F34: Cụm mới (cùng tỉnh) | G34: 0.5599 | H34: Trung | I34: 0.3979 | J34: Thấp | K34: 145000 | L34: 80000 | M34: 100000 | N34: 0.25 | O34: 0.5 | P34: 85000 | Q34: 90000 | R34: 85k - 90k | S34: 85000 | T34: 90000 | U34: 88000 | V34: 89000 | W34: =Z34 | X34: 891 | Y34: =C34&X34 | Z34: =VLOOKUP(Y34,'Data giá Relax hiện tại'!$D:$F,3,0) | AA34: =W34-Z34 | AB34: =AA34/Z34
A35: 249 | B35: 1146 Kha Vạn Cân | C35: 1146 KVC | D35: Hồ Chí Minh | E35: 23 | F35: Cụm mới (cùng tỉnh) | G35: 0.6701 | H35: Cao | I35: 0.3804 | J35: Thấp | K35: 150000 | L35: 80000 | M35: 100000 | N35: 0.15 | O35: 0.35 | P35: 83000 | Q35: 87000 | R35: 83k - 87k | S35: 83000 | T35: 87000 | U35: 85000 | V35: 86000 | W35: =Z35 | X35: 891 | Y35: =C35&X35 | Z35: =VLOOKUP(Y35,'Data giá Relax hiện tại'!$D:$F,3,0) | AA35: =W35-Z35 | AB35: =AA35/Z35
A36: 44 | B36: 103 Trần Não | C36: 103 TN | D36: Hồ Chí Minh | E36: 24 | F36: Cụm mới (cùng tỉnh) | G36: 0.5591 | H36: Trung | I36: 0.4948 | J36: Cao | K36: 135000 | L36: 90000 | M36: 101000 | N36: 0.55 | O36: 0.8 | P36: 96000 | Q36: 99000 | R36: 96k - 99k | S36: 96000 | T36: 99000 | U36: 97000 | V36: 98000 | W36: =T36 | X36: 891 | Y36: =C36&X36 | Z36: =VLOOKUP(Y36,'Data giá Relax hiện tại'!$D:$F,3,0) | AA36: =W36-Z36 | AB36: =AA36/Z36
A37: 45 | B37: 25 Tôn Đản | C37: 25 TD | D37: Hồ Chí Minh | E37: 24 | F37: Cụm mới (cùng tỉnh) | G37: 0.6313 | H37: Cao | I37: 0.4649 | J37: Cao | K37: 85000 | L37: 90000 | M37: 101000 | N37: 0.35 | O37: 0.55 | P37: 94000 | Q37: 96000 | R37: 94k - 96k | S37: 94000 | T37: 96000 | U37: 95000 | V37: 96000 | W37: =T37 | X37: 891 | Y37: =C37&X37 | Z37: =VLOOKUP(Y37,'Data giá Relax hiện tại'!$D:$F,3,0) | AA37: =W37-Z37 | AB37: =AA37/Z37
A38: 182 | B38: 186 Đinh Tiên Hoàng | C38: 186 DTH | D38: Hồ Chí Minh | E38: 24 | F38: Cụm mới (cùng tỉnh) | G38: 0.6312 | H38: Cao | I38: 0.4414 | J38: Trung | K38: 145000 | L38: 90000 | M38: 101000 | N38: 0.25 | O38: 0.45 | P38: 93000 | Q38: 95000 | R38: 93k - 95k | S38: 93000 | T38: 95000 | U38: 94000 | V38: 95000 | W38: =T38 | X38: 891 | Y38: =C38&X38 | Z38: =VLOOKUP(Y38,'Data giá Relax hiện tại'!$D:$F,3,0) | AA38: =W38-Z38 | AB38: =AA38/Z38
A39: 47 | B39: 708 Lê Trọng Tấn | C39: 708 LTT | D39: Hồ Chí Minh | E39: 25 | F39: Cụm mới (cùng tỉnh) | G39: 0.5578 | H39: Trung | I39: 0.3585 | J39: Thấp | K39: 85000 | L39: 100000 | M39: 120000 | N39: 0.25 | O39: 0.5 | P39: 105000 | Q39: 110000 | R39: 105k - 110k | S39: 105000 | T39: 110000 | U39: 108000 | V39: 109000 | W39: =T39 | X39: 891 | Y39: =C39&X39 | Z39: =VLOOKUP(Y39,'Data giá Relax hiện tại'!$D:$F,3,0) | AA39: =W39-Z39 | AB39: =AA39/Z39
A40: 61 | B40: 1180 Quang Trung | C40: 1180 QT | D40: Hồ Chí Minh | E40: 25 | F40: Cụm mới (cùng tỉnh) | G40: 0.6374 | H40: Cao | I40: 0.3781 | J40: Thấp | K40: 135000 | L40: 100000 | M40: 120000 | N40: 0.15 | O40: 0.35 | P40: 103000 | Q40: 107000 | R40: 103k - 107k | S40: 103000 | T40: 107000 | U40: 105000 | V40: 106000 | W40: =T40 | X40: 891 | Y40: =C40&X40 | Z40: =VLOOKUP(Y40,'Data giá Relax hiện tại'!$D:$F,3,0) | AA40: =W40-Z40 | AB40: =AA40/Z40
A41: 106 | B41: 76 Phan Văn Hớn | C41: 76 PVH | D41: Hồ Chí Minh | E41: 25 | F41: Cụm mới (cùng tỉnh) | G41: 0.4969 | H41: Trung | I41: 0.37 | J41: Thấp | K41: 85000 | L41: 100000 | M41: 120000 | N41: 0.25 | O41: 0.5 | P41: 105000 | Q41: 110000 | R41: 105k - 110k | S41: 105000 | T41: 110000 | U41: 108000 | V41: 109000 | W41: =100000 | X41: 891 | Y41: =C41&X41 | Z41: =VLOOKUP(Y41,'Data giá Relax hiện tại'!$D:$F,3,0) | AA41: =W41-Z41 | AB41: =AA41/Z41
A42: 274 | B42: 32 Nguyễn Ảnh Thủ | C42: 32 NAT | D42: Hồ Chí Minh | E42: 25 | F42: Cụm mới (cùng tỉnh) | G42: 0.5614 | H42: Trung | I42: 0.4177 | J42: Trung | L42: 100000 | M42: 120000 | N42: 0.4 | O42: 0.65 | P42: 108000 | Q42: 113000 | R42: 108k - 113k | S42: 108000 | T42: 113000 | U42: 110000 | V42: 112000 | W42: =S42 | X42: 891 | Y42: =C42&X42 | Z42: =VLOOKUP(Y42,'Data giá Relax hiện tại'!$D:$F,3,0) | AA42: =W42-Z42 | AB42: =AA42/Z42
A43: 65 | B43: 255 Nguyễn An Ninh | C43: 255 NAN | D43: Bình Dương | E43: 27 | F43: Cụm mới (cùng tỉnh) | G43: 0.5626 | H43: Trung | I43: 0.3909 | J43: Thấp | K43: 85000 | L43: 100000 | M43: 120000 | N43: 0.25 | O43: 0.5 | P43: 105000 | Q43: 110000 | R43: 105k - 110k | S43: 105000 | T43: 110000 | U43: 108000 | V43: 109000 | W43: =T43 | X43: 891 | Y43: =C43&X43 | Z43: =VLOOKUP(Y43,'Data giá Relax hiện tại'!$D:$F,3,0) | AA43: =W43-Z43 | AB43: =AA43/Z43
A44: 184 | B44: 36 đường N1, KCN Mỹ Phước 1 | C44: 36 N1 BD | D44: Bình Dương | E44: 27 | F44: Cụm mới (cùng tỉnh) | G44: 0.553 | H44: Trung | I44: 0.3126 | J44: Thấp | K44: 85000 | L44: 100000 | M44: 120000 | N44: 0.25 | O44: 0.5 | P44: 105000 | Q44: 110000 | R44: 105k - 110k | S44: 105000 | T44: 110000 | U44: 108000 | V44: 109000 | W44: =S44 | X44: 891 | Y44: =C44&X44 | Z44: =VLOOKUP(Y44,'Data giá Relax hiện tại'!$D:$F,3,0) | AA44: =W44-Z44 | AB44: =AA44/Z44
A45: 144 | B45: 168 Nguyễn Văn Cừ | C45: 168 NVC | D45: Hà Nội | E45: 29 | F45: Cụm mới (cùng tỉnh) | G45: 0.5388 | H45: Trung | I45: 0.4732 | J45: Cao | K45: 110000 | L45: 100000 | M45: 120000 | N45: 0.55 | O45: 0.8 | P45: 111000 | Q45: 116000 | R45: 111k - 116k | S45: 111000 | T45: 116000 | U45: 114000 | V45: 115000 | W45: 112000 | X45: 891 | Y45: =C45&X45 | Z45: =VLOOKUP(Y45,'Data giá Relax hiện tại'!$D:$F,3,0) | AA45: =W45-Z45 | AB45: =AA45/Z45 | AC45: 2000
A46: 192 | B46: 264 Lạc Long Quân | C46: 264 LLQ | D46: Hà Nội | E46: 29 | F46: Cụm mới (cùng tỉnh) | G46: 0.5709 | H46: Trung | I46: 0.4294 | J46: Trung | K46: 85000 | L46: 100000 | M46: 120000 | N46: 0.4 | O46: 0.65 | P46: 108000 | Q46: 113000 | R46: 108k - 113k | S46: 108000 | T46: 113000 | U46: 110000 | V46: 112000 | W46: 112000 | X46: 891 | Y46: =C46&X46 | Z46: =VLOOKUP(Y46,'Data giá Relax hiện tại'!$D:$F,3,0) | AA46: =W46-Z46 | AB46: =AA46/Z46 | AC46: 12000
A47: 196 | B47: 202 Đội Cấn | C47: 202 DC | D47: Hà Nội | E47: 29 | F47: Cụm mới (cùng tỉnh) | G47: 0.6433 | H47: Cao | I47: 0.4706 | J47: Cao | K47: 110000 | L47: 100000 | M47: 120000 | N47: 0.35 | O47: 0.55 | P47: 107000 | Q47: 111000 | R47: 107k - 111k | S47: 107000 | T47: 111000 | U47: 109000 | V47: 110000 | W47: 110000 | X47: 891 | Y47: =C47&X47 | Z47: =VLOOKUP(Y47,'Data giá Relax hiện tại'!$D:$F,3,0) | AA47: =W47-Z47 | AB47: =AA47/Z47 | AC47: 3000
A48: 194 | B48: 90 Nguyễn Hoàng | C48: 90 NH | D48: Hà Nội | E48: 30 | F48: Cụm mới (cùng tỉnh) | G48: 0.5705 | H48: Trung | I48: 0.4028 | J48: Thấp | K48: 85000 | L48: 98000 | M48: 101000 | N48: 0.25 | O48: 0.5 | P48: 99000 | Q48: 100000 | R48: 99k - 100k | S48: 99000 | T48: 100000 | U48: 99000 | V48: 99000 | W48: =T48 | X48: 891 | Y48: =C48&X48 | Z48: =VLOOKUP(Y48,'Data giá Relax hiện tại'!$D:$F,3,0) | AA48: =W48-Z48 | AB48: =AA48/Z48
A49: 197 | B49: 65 Cầu Diễn | C49: 65 CD | D49: Hà Nội | E49: 30 | F49: Cụm mới (cùng tỉnh) | G49: 0.5089 | H49: Trung | I49: 0.3908 | J49: Thấp | K49: 85000 | L49: 98000 | M49: 101000 | N49: 0.25 | O49: 0.5 | P49: 99000 | Q49: 100000 | R49: 99k - 100k | S49: 99000 | T49: 100000 | U49: 99000 | V49: 99000 | W49: =T49 | X49: 891 | Y49: =C49&X49 | Z49: =VLOOKUP(Y49,'Data giá Relax hiện tại'!$D:$F,3,0) | AA49: =W49-Z49 | AB49: =AA49/Z49
A50: 244 | B50: 11 Phan Kế Toại | C50: 11 PKT | D50: Hà Nội | E50: 30 | F50: Cụm mới (cùng tỉnh) | G50: 0.4456 | H50: Trung | I50: 0.4357 | J50: Trung | K50: 85000 | L50: 98000 | M50: 101000 | N50: 0.4 | O50: 0.65 | P50: 99000 | Q50: 100000 | R50: 99k - 100k | S50: 99000 | T50: 100000 | U50: 100000 | V50: 100000 | W50: 104000 | X50: 891 | Y50: =C50&X50 | Z50: =VLOOKUP(Y50,'Data giá Relax hiện tại'!$D:$F,3,0) | AA50: =W50-Z50 | AB50: =AA50/Z50 | AC50: 4000
A51: 302 | B51: 362 Ngô Gia Tự | C51: 362 NGT BN | D51: Bắc Ninh | E51: 32 | F51: Cụm mới (cùng tỉnh) | G51: 0.5219 | H51: Trung | I51: 0.4295 | J51: Trung | K51: 135000 | L51: 80000 | M51: 101000 | N51: 0.4 | O51: 0.65 | P51: 88000 | Q51: 94000 | R51: 88k - 94k | S51: 88000 | T51: 94000 | U51: 91000 | V51: 93000 | W51: 98000 | X51: 891 | Y51: =C51&X51 | Z51: =VLOOKUP(Y51,'Data giá Relax hiện tại'!$D:$F,3,0) | AA51: =W51-Z51 | AB51: =AA51/Z51 | AC51: =+4000
A52: 72 | B52: 113 Trần Hưng Đạo | C52: 113 THD AG | D52: An Giang | F52: Độc lập (1 salon trong tỉnh) | G52: 0.4261 | H52: Trung | I52: 0.2966 | J52: Thấp | K52: 85000 | L52: 70000 | M52: 100000 | N52: 0.25 | O52: 0.5 | P52: 78000 | Q52: 85000 | R52: 78k - 85k | S52: 78000 | T52: 85000 | U52: 81000 | V52: 84000 | W52: =Z52 | X52: 891 | Y52: =C52&X52 | Z52: =VLOOKUP(Y52,'Data giá Relax hiện tại'!$D:$F,3,0) | AA52: =W52-Z52 | AB52: =AA52/Z52
A53: 85 | B53: 363 Lương Ngọc Quyến | C53: 363 LNQ TN | D53: Thái Nguyên | F53: Độc lập (1 salon trong tỉnh) | G53: 0.5119 | H53: Trung | I53: 0.3665 | J53: Thấp | K53: 135000 | L53: 100000 | M53: 120000 | N53: 0.25 | O53: 0.5 | P53: 105000 | Q53: 110000 | R53: 105k - 110k | S53: 105000 | T53: 110000 | U53: 108000 | V53: 109000 | W53: =T53 | X53: 891 | Y53: =C53&X53 | Z53: =VLOOKUP(Y53,'Data giá Relax hiện tại'!$D:$F,3,0) | AA53: =W53-Z53 | AB53: =AA53/Z53
A54: 199 | B54: 7 Đỗ Tường Phong | C54: 7 DTP LA | D54: Long An | F54: Độc lập (1 salon trong tỉnh) | G54: 0.5319 | H54: Trung | I54: 0.3842 | J54: Thấp | K54: 135000 | L54: 101000 | M54: 120000 | N54: 0.25 | O54: 0.5 | P54: 106000 | Q54: 110000 | R54: 106k - 110k | S54: 106000 | T54: 110000 | U54: 108000 | V54: 110000 | W54: =T54 | X54: 891 | Y54: =C54&X54 | Z54: =VLOOKUP(Y54,'Data giá Relax hiện tại'!$D:$F,3,0) | AA54: =W54-Z54 | AB54: =AA54/Z54
A55: 217 | B55: Time Garden 25/4 | C55: TG 25/4 QN | D55: Quảng Ninh | F55: Độc lập (1 salon trong tỉnh) | G55: 0.4548 | H55: Trung | I55: 0.3503 | J55: Thấp | K55: 85000 | L55: 50000 | M55: 100000 | N55: 0.25 | O55: 0.5 | P55: 62000 | Q55: 75000 | R55: 62k - 75k | S55: 62000 | T55: 75000 | U55: 69000 | V55: 73000 | W55: =Z55 | X55: 891 | Y55: =C55&X55 | Z55: =VLOOKUP(Y55,'Data giá Relax hiện tại'!$D:$F,3,0) | AA55: =W55-Z55 | AB55: =AA55/Z55
A56: 230 | B56: 290 Quang Trung | C56: 290 QT TH | D56: Thanh Hóa | F56: Độc lập (1 salon trong tỉnh) | G56: 0.46 | H56: Trung | I56: 0.4386 | J56: Trung | K56: 110000 | L56: 89000 | M56: 101000 | N56: 0.4 | O56: 0.65 | P56: 94000 | Q56: 97000 | R56: 94k - 97k | S56: 94000 | T56: 97000 | U56: 95000 | V56: 96000 | W56: =T56 | X56: 891 | Y56: =C56&X56 | Z56: =VLOOKUP(Y56,'Data giá Relax hiện tại'!$D:$F,3,0) | AA56: =W56-Z56 | AB56: =AA56/Z56
A57: 240 | B57: 68 Lê Nin | C57: 68 LN NA | D57: Nghệ An | F57: Độc lập (1 salon trong tỉnh) | G57: 0.4514 | H57: Trung | I57: 0.3922 | J57: Thấp | K57: 85000 | L57: 101000 | M57: 122000 | N57: 0.25 | O57: 0.5 | P57: 106000 | Q57: 112000 | R57: 106k - 112k | S57: 106000 | T57: 112000 | U57: 109000 | V57: 111000 | W57: =S57 | X57: 891 | Y57: =C57&X57 | Z57: =VLOOKUP(Y57,'Data giá Relax hiện tại'!$D:$F,3,0) | AA57: =W57-Z57 | AB57: =AA57/Z57
A58: 200 | B58: 39 Hai Bà Trưng | C58: 39 HBT | D58: Hà Nội | W58: 104000 | Z58: 100000 | AA58: =W58-Z58 | AB58: =AA58/Z58
A59: 179 | C59: 50BT4 NPC LD | D59: Hà Nội | W59: 94000 | Z59: 94000 | AA59: =W59-Z59 | AB59: =AA59/Z59
A60: 201 | C60: 4 LQD BN | D60: Bắc Ninh | W60: 94000 | Z60: 94000 | AA60: =W60-Z60 | AB60: =AA60/Z60
A61: 187 | C61: 116 TK | D61: Hà Nội | W61: 94000 | Z61: 94000 | AA61: =W61-Z61 | AB61: =AA61/Z61

Sheet Cắt Gội（Sao chép2）
A1: SalonID | B1: Mã Salon | C1: GDTM Đề xuất - KB2: Tăng AOV | D1: ID dv | E1: Giá hiện tại | F1: Chênh lệch giá cũ | G1: % Chênh lệch
A2: 2 | B2: 346 KT | C2: 101000 | D2: 891 | E2: 100000 | F2: 1000 | G2: 0.01
A3: 11 | B3: 8 CVL | C3: 100000 | D3: 891 | E3: 100000 | F3: 0 | G3: 0
A4: 12 | B4: 12 LDT | C4: 106000 | D4: 891 | E4: 103000 | F4: 3000 | G4: 0.029126214
A5: 20 | B5: 382 NT | C5: 112000 | D5: 891 | E5: 102000 | F5: 10000 | G5: 0.098039216
A6: 21 | B6: 575 AC | C6: 104000 | D6: 891 | E6: 100000 | F6: 4000 | G6: 0.04
A7: 22 | B7: 927 HG | C7: 100000 | D7: 891 | E7: 100000 | F7: 0 | G7: 0
A8: 39 | B8: 151 CG | C8: 94000 | D8: 891 | E8: 94000 | F8: 0 | G8: 0
A9: 44 | B9: 103 TN | C9: 99000 | D9: 891 | E9: 95000 | F9: 4000 | G9: 0.042105263
A10: 45 | B10: 25 TD | C10: 96000 | D10: 891 | E10: 95000 | F10: 1000 | G10: 0.010526316
A11: 46 | B11: 483 TN | C11: 102000 | D11: 891 | E11: 94000 | F11: 8000 | G11: 0.085106383
A12: 47 | B12: 708 LTT | C12: 110000 | D12: 891 | E12: 103000 | F12: 7000 | G12: 0.067961165
A13: 51 | B13: 420 HTP | C13: 97000 | D13: 891 | E13: 94000 | F13: 3000 | G13: 0.031914894
... A61: 187 | B61: 116 TK | C61: 94000 | D61: 891 | E61: 94000 | F61: 0 | G61: 0

Sheet Cắt Gội（Sao chép）
A1: SalonID | B1: Tên Salon | C1: Mã Salon | D1: GDTM Đề xuất - KB2: Tăng AOV | E1: ID dv | G1: Giá hiện tại | H1: Chênh lệch giá cũ | I1: % Chênh lệch
A2: 2 | B2: 346 Khâm Thiên | C2: 346 KT | D2: 101000 | E2: 891 | F2: 346 KT891 | G2: 100000 | H2: 1000 | I2: 0.01
A3: 11 | B3: 8 Châu Văn Liêm | C3: 8 CVL | D3: 100000 | E3: 891 | F3: 8 CVL891 | G3: 100000 | H3: 0 | I3: 0
A4: 12 | B4: 12 Lê Đức Thọ | C4: 12 LDT | D4: 106000 | E4: 891 | F4: 12 LDT891 | G4: 103000 | H4: 3000 | I4: 0.029126214
A5: 20 | B5: 382 Nguyễn Trãi | C5: 382 NT | D5: 109000 | E5: 891 | F5: 382 NT891 | G5: 102000 | H5: 7000 | I5: 0.068627451
A6: 21 | B6: 575 Âu Cơ | C6: 575 AC | D6: 104000 | E6: 891 | F6: 575 AC891 | G6: 100000 | H6: 4000 | I6: 0.04
A7: 22 | B7: 927 Hậu Giang | C7: 927 HG | D7: 100000 | E7: 891 | F7: 927 HG891 | G7: 100000 | H7: 0 | I7: 0
A8: 39 | B8: 151 Cầu Giấy, Q. CG | C8: 151 CG | D8: 94000 | E8: 891 | F8: 151 CG891 | G8: 94000 | H8: 0 | I8: 0
A9: 44 | B9: 103 Trần Não | C9: 103 TN | D9: 99000 | E9: 891 | F9: 103 TN891 | G9: 95000 | H9: 4000 | I9: 0.042105263
A10: 45 | B10: 25 Tôn Đản | C10: 25 TD | D10: 96000 | E10: 891 | F10: 25 TD891 | G10: 95000 | H10: 1000 | I10: 0.010526316
A11: 46 | B11: 483 Thống Nhất | C11: 483 TN | D11: 102000 | E11: 891 | F11: 483 TN891 | G11: 94000 | H11: 8000 | I11: 0.085106383
A12: 47 | B12: 708 Lê Trọng Tấn | C12: 708 LTT | D12: 110000 | E12: 891 | F12: 708 LTT891 | G12: 103000 | H12: 7000 | I12: 0.067961165
A13: 51 | B13: 420 Huỳnh Tấn Phát | C13: 420 HTP | D13: 97000 | E13: 891 | F13: 420 HTP891 | G13: 94000 | H13: 3000 | I13: 0.031914894
... A57: 302 | B57: 362 Ngô Gia Tự | C57: 362 NGT BN | D57: 94000 | E57: 891 | F57: 362 NGT BN891 | G57: 94000 | H57: 0 | I57: 0

Sheet Uốn
A1: SalonID | B1: Tên Salon | C1: Mã Salon | D1: Tỉnh/TP | E1: Cụm | F1: Loại Cụm | G1: CPI | H1: CPI Level | I1: EPI | J1: EPI Level | K1: Giá Hiện Tại | L1: WTP Sàn (L) | M1: WTP Trần (H) | N1: Hệ Số α_low | O1: Hệ Số α_high | P1: P_min (Khung Dưới) | Q1: P_max (Khung Trên) | R1: Khung Giá Đề Xuất | S1: KB1: Hút Traffic | T1: KB2: Tăng AOV | U1: KB3: Cân Bằng | V1: KB4: Giảm Quá Tải | W1: GDTM Đề xuất - KB3 - Cân Bằng | X1: ID dv | Z1: Giá hiện tại | AA1: Chênh lệch giá cũ | AB1: %
A2: 2 | B2: 346 Khâm Thiên | C2: 346 KT | D2: Hà Nội | E2: 3 | F2: Cụm gốc | G2: 0.6615 | H2: Cao | I2: 0.471 | J2: Cao | K2: 378000 | L2: 251000 | M2: 351000 | N2: 0.35 | O2: 0.55 | P2: 286000 | Q2: 306000 | R2: 286k - 306k | S2: 286000 | T2: 306000 | U2: 296000 | V2: 303000 | W2: =U2 | X2: 1009 | Y2: =C2&X2 | Z2: =VLOOKUP(Y2,'Giá Uốn hiện tại'!$E:$F,2,0) | AA2: =W2-Z2 | AB2: =AA2/Z2
A3: 11 | B3: 8 Châu Văn Liêm | C3: 8 CVL | D3: Hồ Chí Minh | E3: 22 | F3: Cụm mới (cùng tỉnh) | G3: 0.5672 | H3: Trung | I3: 0.3932 | J3: Thấp | K3: 394000 | L3: 202000 | M3: 300000 | N3: 0.25 | O3: 0.5 | P3: 226000 | Q3: 251000 | R3: 226k - 251k | S3: 226000 | T3: 251000 | U3: 239000 | V3: 247000 | W3: =U3 | X3: 1009 | Y3: =C3&X3 | Z3: =VLOOKUP(Y3,'Giá Uốn hiện tại'!$E:$F,2,0) | AA3: =W3-Z3 | AB3: =AA3/Z3
A4: 12 | B4: 12 Lê Đức Thọ | C4: 12 LDT | D4: Hồ Chí Minh | E4: 15 | F4: Cụm gốc | G4: 0.7678 | H4: Cao | I4: 0.4194 | J4: Trung | K4: 424000 | L4: 251000 | M4: 366000 | N4: 0.25 | O4: 0.45 | P4: 280000 | Q4: 303000 | R4: 280k - 303k | S4: 280000 | T4: 303000 | U4: 291000 | V4: 299000 | W4: =U4 | X4: 1009 | Y4: =C4&X4 | Z4: =VLOOKUP(Y4,'Giá Uốn hiện tại'!$E:$F,2,0) | AA4: =W4-Z4 | AB4: =AA4/Z4
A5: 20 | B5: 382 Nguyễn Trãi | C5: 382 NT | D5: Hà Nội | E5: 5 | F5: Cụm gốc | G5: 0.5809 | H5: Trung | I5: 0.5018 | J5: Cao | K5: 394000 | L5: 198000 | M5: 298000 | N5: 0.55 | O5: 0.8 | P5: 253000 | Q5: 278000 | R5: 253k - 278k | S5: 253000 | T5: 278000 | U5: 266000 | V5: 274000 | W5: =U5 | X5: 1009 | Y5: =C5&X5 | Z5: =VLOOKUP(Y5,'Giá Uốn hiện tại'!$E:$F,2,0) | AA5: =W5-Z5 | AB5: =AA5/Z5
A6: 21 | B6: 575 Âu Cơ | C6: 575 AC | D6: Hồ Chí Minh | E6: 18 | F6: Cụm gốc | G6: 0.644 | H6: Cao | I6: 0.4483 | J6: Trung | K6: 378000 | L6: 201000 | M6: 300000 | N6: 0.25 | O6: 0.45 | P6: 226000 | Q6: 246000 | R6: 226k - 246k | S6: 226000 | T6: 246000 | U6: 236000 | V6: 243000 | W6: =U6 | X6: 1009 | Y6: =C6&X6 | Z6: =VLOOKUP(Y6,'Giá Uốn hiện tại'!$E:$F,2,0) | AA6: =W6-Z6 | AB6: =AA6/Z6
A7: 22 | B7: 927 Hậu Giang | C7: 927 HG | D7: Hồ Chí Minh | E7: 22 | F7: Cụm mới (cùng tỉnh) | G7: 0.6209 | H7: Cao | I7: 0.432 | J7: Trung | L7: 202000 | M7: 300000 | N7: 0.25 | O7: 0.45 | P7: 226000 | Q7: 246000 | R7: 226k - 246k | S7: 226000 | T7: 246000 | U7: 236000 | V7: 243000 | W7: =U7 | X7: 1009 | Y7: =C7&X7 | Z7: =VLOOKUP(Y7,'Giá Uốn hiện tại'!$E:$F,2,0) | AA7: =W7-Z7 | AB7: =AA7/Z7
A8: 39 | B8: 151 Cầu Giấy, Q. CG | C8: 151 CG | D8: Hà Nội | E8: 1 | F8: Cụm gốc | G8: 0.6444 | H8: Cao | I8: 0.4063 | J8: Thấp | K8: 378000 | L8: 249000 | M8: 398000 | N8: 0.15 | O8: 0.35 | P8: 271000 | Q8: 301000 | R8: 271k - 301k | S8: 271000 | T8: 301000 | U8: 286000 | V8: 297000 | W8: =U8 | X8: 1009 | Y8: =C8&X8 | Z8: =VLOOKUP(Y8,'Giá Uốn hiện tại'!$E:$F,2,0) | AA8: =W8-Z8 | AB8: =AA8/Z8
A9: 44 | B9: 103 Trần Não | C9: 103 TN | D9: Hồ Chí Minh | E9: 24 | F9: Cụm mới (cùng tỉnh) | G9: 0.5591 | H9: Trung | I9: 0.4948 | J9: Cao | K9: 378000 | L9: 201000 | M9: 349000 | N9: 0.55 | O9: 0.8 | P9: 282000 | Q9: 319000 | R9: 282k - 319k | S9: 282000 | T9: 319000 | U9: 301000 | V9: 314000 | W9: =U9 | X9: 1009 | Y9: =C9&X9 | Z9: =VLOOKUP(Y9,'Giá Uốn hiện tại'!$E:$F,2,0) | AA9: =W9-Z9 | AB9: =AA9/Z9
A10: 45 | B10: 25 Tôn Đản | C10: 25 TD | D10: Hồ Chí Minh | E10: 24 | F10: Cụm mới (cùng tỉnh) | G10: 0.6313 | H10: Cao | I10: 0.4649 | J10: Cao | K10: 394000 | L10: 201000 | M10: 349000 | N10: 0.35 | O10: 0.55 | P10: 253000 | Q10: 282000 | R10: 253k - 282k | S10: 253000 | T10: 282000 | U10: 268000 | V10: 278000 | W10: =U10 | X10: 1009 | Y10: =C10&X10 | Z10: =VLOOKUP(Y10,'Giá Uốn hiện tại'!$E:$F,2,0) | AA10: =W10-Z10 | AB10: =AA10/Z10
A11: 46 | B11: 483 Thống Nhất | C11: 483 TN | D11: Không xác định | E11: 14 | F11: Cụm gốc | G11: 0.5299 | H11: Trung | I11: 0.4186 | J11: Trung | K11: 378000 | L11: 202000 | M11: 300000 | N11: 0.4 | O11: 0.65 | P11: 241000 | Q11: 266000 | R11: 241k - 266k | S11: 241000 | T11: 266000 | U11: 253000 | V11: 262000 | W11: =U11 | X11: 1009 | Y11: =C11&X11 | Z11: =VLOOKUP(Y11,'Giá Uốn hiện tại'!$E:$F,2,0) | AA11: =W11-Z11 | AB11: =AA11/Z11
A12: 47 | B12: 708 Lê Trọng Tấn | C12: 708 LTT | D12: Hồ Chí Minh | E12: 25 | F12: Cụm mới (cùng tỉnh) | G12: 0.5578 | H12: Trung | I12: 0.3585 | J12: Thấp | K12: 424000 | L12: 248000 | M12: 299000 | N12: 0.25 | O12: 0.5 | P12: 261000 | Q12: 274000 | R12: 261k - 274k | S12: 261000 | T12: 274000 | U12: 267000 | V12: 272000 | W12: =U12 | X12: 1009 | Y12: =C12&X12 | Z12: =VLOOKUP(Y12,'Giá Uốn hiện tại'!$E:$F,2,0) | AA12: =W12-Z12 | AB12: =AA12/Z12
A13: 51 | B13: 420 Huỳnh Tấn Phát | C13: 420 HTP | D13: Hồ Chí Minh | E13: 21 | F13: Cụm gốc | G13: 0.5667 | H13: Trung | I13: 0.42 | J13: Trung | K13: 424000 | L13: 204000 | M13: 298000 | N13: 0.4 | O13: 0.65 | P13: 242000 | Q13: 265000 | R13: 242k - 265k | S13: 242000 | T13: 265000 | U13: 253000 | V13: 262000 | W13: =U13 | X13: 1009 | Y13: =C13&X13 | Z13: =VLOOKUP(Y13,'Giá Uốn hiện tại'!$E:$F,2,0) | AA13: =W13-Z13 | AB13: =AA13/Z13
A14: 52 | B14: 451 Phạm Văn Thuận | C14: 451 PVT | D14: Đồng Nai | E14: 12 | F14: Cụm gốc | G14: 0.5405 | H14: Trung | I14: 0.3055 | J14: Thấp | K14: 394000 | L14: 201000 | M14: 299000 | N14: 0.25 | O14: 0.5 | P14: 226000 | Q14: 250000 | R14: 226k - 250k | S14: 226000 | T14: 250000 | U14: 238000 | V14: 246000 | W14: =U14 | X14: 1009 | Y14: =C14&X14 | Z14: =VLOOKUP(Y14,'Giá Uốn hiện tại'!$E:$F,2,0) | AA14: =W14-Z14 | AB14: =AA14/Z14
A15: 58 | B15: 730 Tỉnh lộ 10 | C15: 730 TL10 | D15: Hồ Chí Minh | E15: 22 | F15: Cụm mới (cùng tỉnh) | G15: 0.5145 | H15: Trung | I15: 0.4168 | J15: Trung | K15: 424000 | L15: 202000 | M15: 300000 | N15: 0.4 | O15: 0.65 | P15: 241000 | Q15: 266000 | R15: 241k - 266k | S15: 241000 | T15: 266000 | U15: 253000 | V15: 262000 | W15: =U15 | X15: 1009 | Y15: =C15&X15 | Z15: =VLOOKUP(Y15,'Giá Uốn hiện tại'!$E:$F,2,0) | AA15: =W15-Z15 | AB15: =AA15/Z15
A16: 60 | B16: 80 Phú Lợi | C16: 80 PL BD | D16: Bình Dương | E16: 11 | F16: Cụm gốc | G16: 0.5268 | H16: Trung | I16: 0.366 | J16: Thấp | K16: 424000 | L16: 297000 | M16: 332000 | N16: 0.25 | O16: 0.5 | P16: 306000 | Q16: 314000 | R16: 306k - 314k | S16: 306000 | T16: 314000 | U16: 310000 | V16: 313000 | W16: =U16 | X16: 1009 | Y16: =C16&X16 | Z16: =VLOOKUP(Y16,'Giá Uốn hiện tại'!$E:$F,2,0) | AA16: =W16-Z16 | AB16: =AA16/Z16
A17: 61 | B17: 1180 Quang Trung | C17: 1180 QT | D17: Hồ Chí Minh | E17: 25 | F17: Cụm mới (cùng tỉnh) | G17: 0.6374 | H17: Cao | I17: 0.3781 | J17: Thấp | K17: 394000 | L17: 248000 | M17: 299000 | N17: 0.15 | O17: 0.35 | P17: 256000 | Q17: 266000 | R17: 256k - 266k | S17: 256000 | T17: 266000 | U17: 261000 | V17: 264000 | W17: =U17 | X17: 1009 | Y17: =C17&X17 | Z17: =VLOOKUP(Y17,'Giá Uốn hiện tại'!$E:$F,2,0) | AA17: =W17-Z17 | AB17: =AA17/Z17
A18: 63 | B18: 29 Hiệp Bình | C18: 29 HB | D18: Hồ Chí Minh | E18: 23 | F18: Cụm mới (cùng tỉnh) | G18: 0.5142 | H18: Trung | I18: 0.379 | J18: Thấp | K18: 378000 | L18: 201000 | M18: 299000 | N18: 0.25 | O18: 0.5 | P18: 226000 | Q18: 250000 | R18: 226k - 250k | S18: 226000 | T18: 250000 | U18: 238000 | V18: 246000 | W18: =U18 | X18: 1009 | Y18: =C18&X18 | Z18: =VLOOKUP(Y18,'Giá Uốn hiện tại'!$E:$F,2,0) | AA18: =W18-Z18 | AB18: =AA18/Z18
A19: 65 | B19: 255 Nguyễn An Ninh | C19: 255 NAN | D19: Bình Dương | E19: 27 | F19: Cụm mới (cùng tỉnh) | G19: 0.5626 | H19: Trung | I19: 0.3909 | J19: Thấp | K19: 384000 | L19: 201000 | M19: 299000 | N19: 0.25 | O19: 0.5 | P19: 226000 | Q19: 250000 | R19: 226k - 250k | S19: 226000 | T19: 250000 | U19: 238000 | V19: 246000 | W19: =U19 | X19: 1009 | Y19: =C19&X19 | Z19: =VLOOKUP(Y19,'Giá Uốn hiện tại'!$E:$F,2,0) | AA19: =W19-Z19 | AB19: =AA19/Z19
A20: 69 | B20: 312 Lê Văn Sỹ | C20: 312 LVS | D20: Không xác định | E20: 16 | F20: Cụm gốc | G20: 0.6377 | H20: Cao | I20: 0.4263 | J20: Trung | K20: 424000 | L20: 249000 | M20: 349000 | N20: 0.25 | O20: 0.45 | P20: 274000 | Q20: 294000 | R20: 274k - 294k | S20: 274000 | T20: 294000 | U20: 284000 | V20: 291000 | W20: =U20 | X20: 1009 | Y20: =C20&X20 | Z20: =VLOOKUP(Y20,'Giá Uốn hiện tại'!$E:$F,2,0) | AA20: =W20-Z20 | AB20: =AA20/Z20
A21: 72 | B21: 113 Trần Hưng Đạo | C21: 113 THD AG | D21: An Giang | F21: Độc lập (1 salon trong tỉnh) | G21: 0.4261 | H21: Trung | I21: 0.2966 | J21: Thấp | K21: 424000 | L21: 143000 | M21: 298000 | N21: 0.25 | O21: 0.5 | P21: 182000 | Q21: 220000 | R21: 182k - 220k | S21: 182000 | T21: 220000 | U21: 201000 | V21: 215000 | W21: =U21 | X21: 1009 | Y21: =C21&X21 | Z21: =VLOOKUP(Y21,'Giá Uốn hiện tại'!$E:$F,2,0) | AA21: =W21-Z21 | AB21: =AA21/Z21
A22: 85 | B22: 363 Lương Ngọc Quyến | C22: 363 LNQ TN | D22: Thái Nguyên | F22: Độc lập (1 salon trong tỉnh) | G22: 0.5119 | H22: Trung | I22: 0.3665 | J22: Thấp | K22: 424000 | L22: 200000 | M22: 298000 | N22: 0.25 | O22: 0.5 | P22: 224000 | Q22: 249000 | R22: 224k - 249k | S22: 224000 | T22: 249000 | U22: 237000 | V22: 245000 | W22: =U22 | X22: 1009 | Y22: =C22&X22 | Z22: =VLOOKUP(Y22,'Giá Uốn hiện tại'!$E:$F,2,0) | AA22: =W22-Z22 | AB22: =AA22/Z22
A23: 106 | B23: 76 Phan Văn Hớn | C23: 76 PVH | D23: Hồ Chí Minh | E23: 25 | F23: Cụm mới (cùng tỉnh) | G23: 0.4969 | H23: Trung | I23: 0.37 | J23: Thấp | K23: 394000 | L23: 248000 | M23: 299000 | N23: 0.25 | O23: 0.5 | P23: 261000 | Q23: 274000 | R23: 261k - 274k | S23: 261000 | T23: 274000 | U23: 267000 | V23: 272000 | W23: =U23 | X23: 1009 | Y23: =C23&X23 | Z23: =VLOOKUP(Y23,'Giá Uốn hiện tại'!$E:$F,2,0) | AA23: =W23-Z23 | AB23: =AA23/Z23
A24: 141 | B24: 236 Dương Bá Trạc | C24: 236 DBT | D24: Hồ Chí Minh | E24: 20 | F24: Cụm gốc | G24: 0.6503 | H24: Cao | I24: 0.4151 | J24: Trung | K24: 378000 | L24: 202000 | M24: 299000 | N24: 0.25 | O24: 0.45 | P24: 226000 | Q24: 246000 | R24: 226k - 246k | S24: 226000 | T24: 246000 | U24: 236000 | V24: 243000 | W24: =U24 | X24: 1009 | Y24: =C24&X24 | Z24: =VLOOKUP(Y24,'Giá Uốn hiện tại'!$E:$F,2,0) | AA24: =W24-Z24 | AB24: =AA24/Z24
A25: 143 | B25: 10 Trần Phú | C25: 10 TP | D25: Hà Nội | E25: 7 | F25: Cụm gốc | G25: 0.6802 | H25: Cao | I25: 0.446 | J25: Trung | K25: 424000 | L25: 202000 | M25: 319000 | N25: 0.25 | O25: 0.45 | P25: 231000 | Q25: 255000 | R25: 231k - 255k | S25: 231000 | T25: 255000 | U25: 243000 | V25: 251000 | W25: =U25 | X25: 1009 | Y25: =C25&X25 | Z25: =VLOOKUP(Y25,'Giá Uốn hiện tại'!$E:$F,2,0) | AA25: =W25-Z25 | AB25: =AA25/Z25
A26: 144 | B26: 168 Nguyễn Văn Cừ | C26: 168 NVC | D26: Hà Nội | E26: 29 | F26: Cụm mới (cùng tỉnh) | G26: 0.5388 | H26: Trung | I26: 0.4732 | J26: Cao | K26: 379000 | L26: 297000 | M26: 401000 | N26: 0.55 | O26: 0.8 | P26: 354000 | Q26: 380000 | R26: 354k - 380k | S26: 354000 | T26: 380000 | U26: 367000 | V26: 376000 | W26: =U26 | X26: 1009 | Y26: =C26&X26 | Z26: =VLOOKUP(Y26,'Giá Uốn hiện tại'!$E:$F,2,0) | AA26: =W26-Z26 | AB26: =AA26/Z26
A27: 145 | B27: 237 Nguyễn Thị Thập | C27: 237 NTT | D27: Hồ Chí Minh | E27: 21 | F27: Cụm gốc | G27: 0.7782 | H27: Cao | I27: 0.4394 | J27: Trung | K27: 424000 | L27: 204000 | M27: 298000 | N27: 0.25 | O27: 0.45 | P27: 228000 | Q27: 246000 | R27: 228k - 246k | S27: 228000 | T27: 246000 | U27: 237000 | V27: 243000 | W27: =U27 | X27: 1009 | Y27: =C27&X27 | Z27: =VLOOKUP(Y27,'Giá Uốn hiện tại'!$E:$F,2,0) | AA27: =W27-Z27 | AB27: =AA27/Z27
A28: 146 | B28: 109 Trần Quốc Hoàn | C28: 109 TQH | D28: Hà Nội | E28: 1 | F28: Cụm gốc | G28: 0.6773 | H28: Cao | I28: 0.4359 | J28: Trung | K28: 378000 | L28: 249000 | M28: 398000 | N28: 0.25 | O28: 0.45 | P28: 286000 | Q28: 316000 | R28: 286k - 316k | S28: 286000 | T28: 316000 | U28: 301000 | V28: 312000 | W28: =U28 | X28: 1009 | Y28: =C28&X28 | Z28: =VLOOKUP(Y28,'Giá Uốn hiện tại'!$E:$F,2,0) | AA28: =W28-Z28 | AB28: =AA28/Z28
A29: 147 | B29: 99 Tân Sơn Nhì | C29: 99 TSN | D29: Hồ Chí Minh | E29: 18 | F29: Cụm gốc | G29: 0.6664 | H29: Cao | I29: 0.4415 | J29: Trung | K29: 424000 | L29: 201000 | M29: 300000 | N29: 0.25 | O29: 0.45 | P29: 226000 | Q29: 246000 | R29: 226k - 246k | S29: 226000 | T29: 246000 | U29: 236000 | V29: 243000 | W29: =U29 | X29: 1009 | Y29: =C29&X29 | Z29: =VLOOKUP(Y29,'Giá Uốn hiện tại'!$E:$F,2,0) | AA29: =W29-Z29 | AB29: =AA29/Z29
A30: 182 | B30: 186 Đinh Tiên Hoàng | C30: 186 DTH | D30: Hồ Chí Minh | E30: 24 | F30: Cụm mới (cùng tỉnh) | G30: 0.6312 | H30: Cao | I30: 0.4414 | J30: Trung | K30: 424000 | L30: 201000 | M30: 349000 | N30: 0.25 | O30: 0.45 | P30: 238000 | Q30: 268000 | R30: 238k - 268k | S30: 238000 | T30: 268000 | U30: 253000 | V30: 263000 | W30: =U30 | X30: 1009 | Y30: =C30&X30 | Z30: =VLOOKUP(Y30,'Giá Uốn hiện tại'!$E:$F,2,0) | AA30: =W30-Z30 | AB30: =AA30/Z30
A31: 184 | B31: 36 đường N1, KCN Mỹ Phước 1 | C31: 36 N1 BD | D31: Bình Dương | E31: 27 | F31: Cụm mới (cùng tỉnh) | G31: 0.553 | H31: Trung | I31: 0.3126 | J31: Thấp | K31: 424000 | L31: 201000 | M31: 299000 | N31: 0.25 | O31: 0.5 | P31: 226000 | Q31: 250000 | R31: 226k - 250k | S31: 226000 | T31: 250000 | U31: 238000 | V31: 246000 | W31: =U31 | X31: 1009 | Y31: =C31&X31 | Z31: =VLOOKUP(Y31,'Giá Uốn hiện tại'!$E:$F,2,0) | AA31: =W31-Z31 | AB31: =AA31/Z31
A32: 188 | B32: 190 Hòa Bình | C32: 190 HB | D32: Hồ Chí Minh | E32: 22 | F32: Cụm mới (cùng tỉnh) | G32: 0.6785 | H32: Cao | I32: 0.412 | J32: Thấp | K32: 378000 | L32: 202000 | M32: 300000 | N32: 0.15 | O32: 0.35 | P32: 217000 | Q32: 236000 | R32: 217k - 236k | S32: 217000 | T32: 236000 | U32: 226000 | V32: 233000 | W32: =U32 | X32: 1009 | Y32: =C32&X32 | Z32: =VLOOKUP(Y32,'Giá Uốn hiện tại'!$E:$F,2,0) | AA32: =W32-Z32 | AB32: =AA32/Z32
A33: 192 | B33: 264 Lạc Long Quân | C33: 264 LLQ | D33: Hà Nội | E33: 29 | F33: Cụm mới (cùng tỉnh) | G33: 0.5709 | H33: Trung | I33: 0.4294 | J33: Trung | K33: 394000 | L33: 297000 | M33: 401000 | N33: 0.4 | O33: 0.65 | P33: 339000 | Q33: 365000 | R33: 339k - 365k | S33: 339000 | T33: 365000 | U33: 352000 | V33: 361000 | W33: =U33 | X33: 1009 | Y33: =C33&X33 | Z33: =VLOOKUP(Y33,'Giá Uốn hiện tại'!$E:$F,2,0) | AA33: =W33-Z33 | AB33: =AA33/Z33
A34: 193 | B34: 145 Tô Hiến Thành | C34: 145 THT | D34: Hồ Chí Minh | E34: 19 | F34: Cụm gốc | G34: 0.5476 | H34: Trung | I34: 0.4086 | J34: Thấp | K34: 424000 | L34: 200000 | M34: 298000 | N34: 0.25 | O34: 0.5 | P34: 224000 | Q34: 249000 | R34: 224k - 249k | S34: 224000 | T34: 249000 | U34: 237000 | V34: 245000 | W34: =U34 | X34: 1009 | Y34: =C34&X34 | Z34: =VLOOKUP(Y34,'Giá Uốn hiện tại'!$E:$F,2,0) | AA34: =W34-Z34 | AB34: =AA34/Z34
... A37: 197 | B37: 65 Cầu Diễn | C37: 65 CD | D37: Hà Nội | E37: 30 | F37: Cụm mới (cùng tỉnh) | G37: 0.5089 | H37: Trung | I37: 0.3908 | J37: Thấp | K37: 424000 | L37: 202000 | M37: 299000 | N37: 0.25 | O37: 0.5 | P37: 226000 | Q37: 250000 | R37: 226k - 250k | S37: 226000 | T37: 250000 | U37: 238000 | V37: 247000 | W37: =U37 | X37: 1009 | Y37: =C37&X37 | Z37: =VLOOKUP(Y37,'Giá Uốn hiện tại'!$E:$F,2,0) | AA37: =W37-Z37 | AB37: =AA37/Z37
A38: 199 | B38: 7 Đỗ Tường Phong | C38: 7 DTP LA | D38: Long An | F38: Độc lập (1 salon trong tỉnh) | G38: 0.5319 | H38: Trung | I38: 0.3842 | J38: Thấp | K38: 424000 | L38: 200000 | M38: 251000 | N38: 0.25 | O38: 0.5 | P38: 213000 | Q38: 226000 | R38: 213k - 226k | S38: 213000 | T38: 226000 | U38: 219000 | V38: 224000 | W38: =U38 | X38: 1009 | Y38: =C38&X38 | Z38: =VLOOKUP(Y38,'Giá Uốn hiện tại'!$E:$F,2,0) | AA38: =W38-Z38 | AB38: =AA38/Z38
A39: 204 | B39: 401/1 Nguyễn Duy Trinh | C39: 401/1 NDT | D39: Hồ Chí Minh | E39: 23 | F39: Cụm mới (cùng tỉnh) | G39: 0.5599 | H39: Trung | I39: 0.3979 | J39: Thấp | K39: 378000 | L39: 201000 | M39: 299000 | N39: 0.25 | O39: 0.5 | P39: 226000 | Q39: 250000 | R39: 226k - 250k | S39: 226000 | T39: 250000 | U39: 238000 | V39: 246000 | W39: =U39 | X39: 1009 | Y39: =C39&X39 | Z39: =VLOOKUP(Y39,'Giá Uốn hiện tại'!$E:$F,2,0) | AA39: =W39-Z39 | AB39: =AA39/Z39
A40: 205 | B40: 341 Xô Viết Nghệ Tĩnh | C40: 341 XVNT | D40: Hồ Chí Minh | E40: 17 | F40: Cụm gốc | G40: 0.6578 | H40: Cao | I40: 0.3726 | J40: Thấp | K40: 378000 | L40: 202000 | M40: 350000 | N40: 0.15 | O40: 0.35 | P40: 224000 | Q40: 254000 | R40: 224k - 254k | S40: 224000 | T40: 254000 | U40: 239000 | V40: 249000 | W40: =U40 | X40: 1009 | Y40: =C40&X40 | Z40: =VLOOKUP(Y40,'Giá Uốn hiện tại'!$E:$F,2,0) | AA40: =W40-Z40 | AB40: =AA40/Z40
A41: 210 | B41: 148B Trương Định | C41: 148 TD | D41: Hà Nội | E41: 6 | F41: Cụm gốc | G41: 0.6448 | H41: Cao | I41: 0.361 | J41: Thấp | K41: 424000 | L41: 289000 | M41: 353000 | N41: 0.15 | O41: 0.35 | P41: 299000 | Q41: 311000 | R41: 299k - 311k | S41: 299000 | T41: 311000 | U41: 305000 | V41: 309000 | W41: =U41 | X41: 1009 | Y41: =C41&X41 | Z41: =VLOOKUP(Y41,'Giá Uốn hiện tại'!$E:$F,2,0) | AA41: =W41-Z41 | AB41: =AA41/Z41
A42: 212 | B42: 58 Nguyễn Văn Cừ | C42: 58 NVC NA | D42: Nghệ An | E42: 10 | F42: Cụm gốc | G42: 0.5736 | H42: Trung | I42: 0.3468 | J42: Thấp | K42: 394000 | L42: 298000 | M42: 353000 | N42: 0.25 | O42: 0.5 | P42: 312000 | Q42: 326000 | R42: 312k - 326k | S42: 312000 | T42: 326000 | U42: 319000 | V42: 323000 | W42: =U42 | X42: 1009 | Y42: =C42&X42 | Z42: =VLOOKUP(Y42,'Giá Uốn hiện tại'!$E:$F,2,0) | AA42: =W42-Z42 | AB42: =AA42/Z42
A43: 217 | B43: Time Garden 25/4 | C43: TG 25/4 QN | D43: Quảng Ninh | F43: Độc lập (1 salon trong tỉnh) | G43: 0.4548 | H43: Trung | I43: 0.3503 | J43: Thấp | K43: 424000 | L43: 251000 | M43: 351000 | N43: 0.25 | O43: 0.5 | P43: 276000 | Q43: 301000 | R43: 276k - 301k | S43: 276000 | T43: 301000 | U43: 288000 | V43: 297000 | W43: =U43 | X43: 1009 | Y43: =C43&X43 | Z43: =VLOOKUP(Y43,'Giá Uốn hiện tại'!$E:$F,2,0) | AA43: =W43-Z43 | AB43: =AA43/Z43
A44: 228 | B44: 62 Láng Hạ | C44: 62 LH | D44: Hà Nội | E44: 4 | F44: Cụm gốc | G44: 0.6146 | H44: Cao | I44: 0.4489 | J44: Trung | K44: 378000 | L44: 201000 | M44: 301000 | N44: 0.25 | O44: 0.45 | P44: 226000 | Q44: 246000 | R44: 226k - 246k | S44: 226000 | T44: 246000 | U44: 236000 | V44: 243000 | W44: =U44 | X44: 1009 | Y44: =C44&X44 | Z44: =VLOOKUP(Y44,'Giá Uốn hiện tại'!$E:$F,2,0) | AA44: =W44-Z44 | AB44: =AA44/Z44
A45: 230 | B45: 290 Quang Trung | C45: 290 QT TH | D45: Thanh Hóa | F45: Độc lập (1 salon trong tỉnh) | G45: 0.46 | H45: Trung | I45: 0.4386 | J45: Trung | K45: 424000 | L45: 298000 | M45: 400000 | N45: 0.4 | O45: 0.65 | P45: 339000 | Q45: 364000 | R45: 339k - 364k | S45: 339000 | T45: 364000 | U45: 352000 | V45: 360000 | W45: =U45 | X45: 1009 | Y45: =C45&X45 | Z45: =VLOOKUP(Y45,'Giá Uốn hiện tại'!$E:$F,2,0) | AA45: =W45-Z45 | AB45: =AA45/Z45
A46: 231 | B46: 304 Nguyễn Trãi | C46: 304 NT TH | D46: Thanh Hóa | E46: 9 | F46: Cụm gốc | G46: 0.4811 | H46: Trung | I46: 0.4096 | J46: Thấp | K46: 394000 | L46: 200000 | M46: 298000 | N46: 0.25 | O46: 0.5 | P46: 224000 | Q46: 249000 | R46: 224k - 249k | S46: 224000 | T46: 249000 | U46: 237000 | V46: 245000 | W46: =U46 | X46: 1009 | Y46: =C46&X46 | Z46: =VLOOKUP(Y46,'Giá Uốn hiện tại'!$E:$F,2,0) | AA46: =W46-Z46 | AB46: =AA46/Z46
A47: 232 | B47: 80 Trần Phú | C47: 80 TP TH | D47: Thanh Hóa | E47: 9 | F47: Cụm gốc | G47: 0.5226 | H47: Trung | I47: 0.4058 | J47: Thấp | K47: 424000 | L47: 200000 | M47: 298000 | N47: 0.25 | O47: 0.5 | P47: 224000 | Q47: 249000 | R47: 224k - 249k | S47: 224000 | T47: 249000 | U47: 237000 | V47: 245000 | W47: =U47 | X47: 1009 | Y47: =C47&X47 | Z47: =VLOOKUP(Y47,'Giá Uốn hiện tại'!$E:$F,2,0) | AA47: =W47-Z47 | AB47: =AA47/Z47
A48: 233 | B48: 595 Bà Triệu | C48: 595 BT TH | D48: Thanh Hóa | E48: 9 | F48: Cụm gốc | G48: 0.5387 | H48: Trung | I48: 0.4489 | J48: Trung | K48: 378000 | L48: 200000 | M48: 298000 | N48: 0.4 | O48: 0.65 | P48: 239000 | Q48: 264000 | R48: 239k - 264k | S48: 239000 | T48: 264000 | U48: 251000 | V48: 260000 | W48: =U48 | X48: 1009 | Y48: =C48&X48 | Z48: =VLOOKUP(Y48,'Giá Uốn hiện tại'!$E:$F,2,0) | AA48: =W48-Z48 | AB48: =AA48/Z48
A49: 239 | B49: 186 Quang Trung | C49: 186 QT | D49: Hà Nội | E49: 8 | F49: Cụm gốc | G49: 0.5104 | H49: Trung | I49: 0.3918 | J49: Thấp | K49: 394000 | L49: 250000 | M49: 302000 | N49: 0.25 | O49: 0.5 | P49: 263000 | Q49: 276000 | R49: 263k - 276k | S49: 263000 | T49: 276000 | U49: 270000 | V49: 274000 | W49: =U49 | X49: 1009 | Y49: =C49&X49 | Z49: =VLOOKUP(Y49,'Giá Uốn hiện tại'!$E:$F,2,0) | AA49: =W49-Z49 | AB49: =AA49/Z49
A50: 244 | B50: 11 Phan Kế Toại | C50: 11 PKT | D50: Hà Nội | E50: 30 | F50: Cụm mới (cùng tỉnh) | G50: 0.4456 | H50: Trung | I50: 0.4357 | J50: Trung | K50: 384000 | L50: 202000 | M50: 299000 | N50: 0.4 | O50: 0.65 | P50: 241000 | Q50: 265000 | R50: 241k - 265k | S50: 241000 | T50: 265000 | U50: 253000 | V50: 261000 | W50: =U50 | X50: 1009 | Y50: =C50&X50 | Z50: =VLOOKUP(Y50,'Giá Uốn hiện tại'!$E:$F,2,0) | AA50: =W50-Z50 | AB50: =AA50/Z50
A51: 245 | B51: 55A Nguyễn Văn Lộc | C51: 55A NVL | D51: Hà Nội | E51: 7 | F51: Cụm gốc | G51: 0.5529 | H51: Trung | I51: 0.4737 | J51: Cao | K51: 424000 | L51: 202000 | M51: 319000 | N51: 0.55 | O51: 0.8 | P51: 266000 | Q51: 296000 | R51: 266k - 296k | S51: 266000 | T51: 296000 | U51: 281000 | V51: 291000 | W51: =U51 | X51: 1009 | Y51: =C51&X51 | Z51: =VLOOKUP(Y51,'Giá Uốn hiện tại'!$E:$F,2,0) | AA51: =W51-Z51 | AB51: =AA51/Z51
A52: 247 | B52: 1371 Phạm Văn Thuận | C52: 1371 PVT | D52: Đồng Nai | E52: 12 | F52: Cụm gốc | G52: 0.5754 | H52: Trung | I52: 0.3136 | J52: Thấp | K52: 424000 | L52: 201000 | M52: 299000 | N52: 0.25 | O52: 0.5 | P52: 226000 | Q52: 250000 | R52: 226k - 250k | S52: 226000 | T52: 250000 | U52: 238000 | V52: 246000 | W52: =U52 | X52: 1009 | Y52: =C52&X52 | Z52: =VLOOKUP(Y52,'Giá Uốn hiện tại'!$E:$F,2,0) | AA52: =W52-Z52 | AB52: =AA52/Z52
A53: 249 | B53: 1146 Kha Vạn Cân | C53: 1146 KVC | D53: Hồ Chí Minh | E53: 23 | F53: Cụm mới (cùng tỉnh) | G53: 0.6701 | H53: Cao | I53: 0.3804 | J53: Thấp | K53: 378000 | L53: 201000 | M53: 299000 | N53: 0.15 | O53: 0.35 | P53: 216000 | Q53: 235000 | R53: 216k - 235k | S53: 216000 | T53: 235000 | U53: 226000 | V53: 232000 | W53: =U53 | X53: 1009 | Y53: =C53&X53 | Z53: =VLOOKUP(Y53,'Giá Uốn hiện tại'!$E:$F,2,0) | AA53: =W53-Z53 | AB53: =AA53/Z53
A54: 250 | B54: 173 Thanh Nhàn | C54: 173 TN | D54: Hà Nội | E54: 6 | F54: Cụm gốc | G54: 0.6493 | H54: Cao | I54: 0.4431 | J54: Trung | K54: 369000 | L54: 289000 | M54: 353000 | N54: 0.25 | O54: 0.45 | P54: 305000 | Q54: 318000 | R54: 305k - 318k | S54: 305000 | T54: 318000 | U54: 311000 | V54: 316000 | W54: =U54 | X54: 1009 | Y54: =C54&X54 | Z54: =VLOOKUP(Y54,'Giá Uốn hiện tại'!$E:$F,2,0) | AA54: =W54-Z54 | AB54: =AA54/Z54
A55: 274 | B55: 32 Nguyễn Ảnh Thủ | C55: 32 NAT | D55: Hồ Chí Minh | E55: 25 | F55: Cụm mới (cùng tỉnh) | G55: 0.5614 | H55: Trung | I55: 0.4177 | J55: Trung | L55: 248000 | M55: 299000 | N55: 0.4 | O55: 0.65 | P55: 268000 | Q55: 281000 | R55: 268k - 281k | S55: 268000 | T55: 281000 | U55: 275000 | V55: 279000 | W55: =U55 | X55: 1009 | Y55: =C55&X55 | Z55: =VLOOKUP(Y55,'Giá Uốn hiện tại'!$E:$F,2,0) | AA55: =W55-Z55 | AB55: =AA55/Z55
A56: 302 | B56: 362 Ngô Gia Tự | C56: 362 NGT BN | D56: Bắc Ninh | E56: 32 | F56: Cụm mới (cùng tỉnh) | G56: 0.5219 | H56: Trung | I56: 0.4295 | J56: Trung | K56: 378000 | L56: 201000 | M56: 369000 | N56: 0.4 | O56: 0.65 | P56: 268000 | Q56: 310000 | R56: 268k - 310k | S56: 268000 | T56: 310000 | U56: 289000 | V56: 304000 | W56: =U56 | X56: 1009 | Y56: =C56&X56 | Z56: =VLOOKUP(Y56,'Giá Uốn hiện tại'!$E:$F,2,0) | AA56: =W56-Z56 | AB56: =AA56/Z56

Sheet Uốn（Sao chép）
A1: SalonID | B1: Tên Salon | C1: Mã Salon | D1: Giá mới | E1: ID dv | F1: Tên dịch vụ | H1: Giá hiện tại | I1: Chênh lệch giá cũ | J1: %
A2: 2 | B2: 346 Khâm Thiên | C2: 346 KT | D2: 296000 | E2: 1009 | F2: (NEW) Uốn/Duỗi/Định hình full đầu tạo form vào nếp tự nhiên | G2: 346 KT1009 | H2: 416000 | I2: -120000 | J2: -0.28846154
A3: 11 | B3: 8 Châu Văn Liêm | C3: 8 CVL | D3: 239000 | E3: 1009 | F3: (NEW) Uốn/Duỗi/Định hình full đầu tạo form vào nếp tự nhiên | G3: 8 CVL1009 | H3: 396000 | I3: -157000 | J3: -0.39646465
A4: 12 | B4: 12 Lê Đức Thọ | C4: 12 LDT | D4: 291000 | E4: 1009 | F4: (NEW) Uốn/Duỗi/Định hình full đầu tạo form vào nếp tự nhiên | G4: 12 LDT1009 | H4: 396000 | I4: -105000 | J4: -0.26515152
A5: 20 | B5: 382 Nguyễn Trãi | C5: 382 NT | D5: 266000 | E5: 1009 | F5: (NEW) Uốn/Duỗi/Định hình full đầu tạo form vào nếp tự nhiên | G5: 382 NT1009 | H5: 396000 | I5: -130000 | J5: -0.32828283
A6: 21 | B6: 575 Âu Cơ | C6: 575 AC | D6: 236000 | E6: 1009 | F6: (NEW) Uốn/Duỗi/Định hình full đầu tạo form vào nếp tự nhiên | G6: 575 AC1009 | H6: 396000 | I6: -160000 | J6: -0.4040404
A7: 22 | B7: 927 Hậu Giang | C7: 927 HG | D7: 236000 | E7: 1009 | F7: (NEW) Uốn/Duỗi/Định hình full đầu tạo form vào nếp tự nhiên | G7: 927 HG1009 | H7: 396000 | I7: -160000 | J7: -0.4040404
A8: 39 | B8: 151 Cầu Giấy, Q. CG | C8: 151 CG | D8: 286000 | E8: 1009 | F8: (NEW) Uốn/Duỗi/Định hình full đầu tạo form vào nếp tự nhiên | G8: 151 CG1009 | H8: 396000 | I8: -110000 | J8: -0.27777778
A9: 44 | B9: 103 Trần Não | C9: 103 TN | D9: 301000 | E9: 1009 | F9: (NEW) Uốn/Duỗi/Định hình full đầu tạo form vào nếp tự nhiên | G9: 103 TN1009 | H9: 406000 | I9: -105000 | J9: -0.25862069
A10: 45 | B10: 25 Tôn Đản | C10: 25 TD | D10: 268000 | E10: 1009 | F10: (NEW) Uốn/Duỗi/Định hình full đầu tạo form vào nếp tự nhiên | G10: 25 TD1009 | H10: 416000 | I10: -148000 | J10: -0.35576923
A11: 46 | B11: 483 Thống Nhất | C11: 483 TN | D11: 253000 | E11: 1009 | F11: (NEW) Uốn/Duỗi/Định hình full đầu tạo form vào nếp tự nhiên | G11: 483 TN1009 | H11: 396000 | I11: -143000 | J11: -0.36111111
A12: 47 | B12: 708 Lê Trọng Tấn | C12: 708 LTT | D12: 267000 | E12: 1009 | F12: (NEW) Uốn/Duỗi/Định hình full đầu tạo form vào nếp tự nhiên | G12: 708 LTT1009 | H12: 396000 | I12: -129000 | J12: -0.32575758
A13: 51 | B13: 420 Huỳnh Tấn Phát | C13: 420 HTP | D13: 253000 | E13: 1009 | F13: (NEW) Uốn/Duỗi/Định hình full đầu tạo form vào nếp tự nhiên | G13: 420 HTP1009 | H13: 396000 | I13: -143000 | J13: -0.36111111
... A56: 302 | B56: 362 Ngô Gia Tự | C56: 362 NGT BN | D56: 289000 | E56: 1009 | F56: (NEW) Uốn/Duỗi/Định hình full đầu tạo form vào nếp tự nhiên | G56: 362 NGT BN1009 | H56: 396000 | I56: -107000 | J56: -0.27020202

Sheet Nhuộm
A1: SalonID | B1: Tên Salon | C1: Mã Salon | D1: Tỉnh/TP | E1: Cụm | F1: Loại Cụm | G1: CPI | H1: CPI Level | I1: EPI | J1: EPI Level | K1: Giá Hiện Tại | L1: WTP Sàn (L) | M1: WTP Trần (H) | N1: Hệ Số α_low | O1: Hệ Số α_high | P1: P_min (Khung Dưới) | Q1: P_max (Khung Trên) | R1: Khung Giá Đề Xuất | S1: KB1: Hút Traffic | T1: KB2: Tăng AOV | U1: KB3: Cân Bằng | V1: KB4: Giảm Quá Tải | W1: GDTM đề xuất = KB1: Hút Traffic | X1: ID dv | Z1: Giá hiện tại | AA1: Chênh lệch giá cũ | AB1: %
A2: 2 | B2: 346 Khâm Thiên | C2: 346 KT | D2: Hà Nội | E2: 3 | F2: Cụm gốc | G2: 0.6615 | H2: Cao | I2: 0.471 | J2: Cao | K2: 218000 | L2: 205000 | M2: 349000 | N2: 0.35 | O2: 0.55 | P2: 255000 | Q2: 284000 | R2: 255k - 284k | S2: 255000 | T2: 284000 | U2: 270000 | V2: 280000 | W2: =S2 | X2: 960 | Y2: =C2&X2 | Z2: =VLOOKUP(Y2,'Giá Uốn hiện tại'!$E:$F,2,0) | AA2: =W2-Z2 | AB2: =AA2/Z2
A3: 11 | B3: 8 Châu Văn Liêm | C3: 8 CVL | D3: Hồ Chí Minh | E3: 22 | F3: Cụm mới (cùng tỉnh) | G3: 0.5672 | H3: Trung | I3: 0.3932 | J3: Thấp | K3: 229000 | L3: 201000 | M3: 299000 | N3: 0.25 | O3: 0.5 | P3: 226000 | Q3: 250000 | R3: 226k - 250k | S3: 226000 | T3: 250000 | U3: 238000 | V3: 246000 | W3: =S3 | X3: 960 | Y3: =C3&X3 | Z3: =VLOOKUP(Y3,'Giá Uốn hiện tại'!$E:$F,2,0) | AA3: =W3-Z3 | AB3: =AA3/Z3
A4: 12 | B4: 12 Lê Đức Thọ | C4: 12 LDT | D4: Hồ Chí Minh | E4: 15 | F4: Cụm gốc | G4: 0.7678 | H4: Cao | I4: 0.4194 | J4: Trung | K4: 218000 | L4: 203000 | M4: 300000 | N4: 0.25 | O4: 0.45 | P4: 227000 | Q4: 247000 | R4: 227k - 247k | S4: 227000 | T4: 247000 | U4: 237000 | V4: 244000 | W4: =S4 | X4: 960 | Y4: =C4&X4 | Z4: =VLOOKUP(Y4,'Giá Uốn hiện tại'!$E:$F,2,0) | AA4: =W4-Z4 | AB4: =AA4/Z4
A5: 20 | B5: 382 Nguyễn Trãi | C5: 382 NT | D5: Hà Nội | E5: 5 | F5: Cụm gốc | G5: 0.5809 | H5: Trung | I5: 0.5018 | J5: Cao | K5: 229000 | L5: 202000 | M5: 328000 | N5: 0.55 | O5: 0.8 | P5: 271000 | Q5: 303000 | R5: 271k - 303k | S5: 271000 | T5: 303000 | U5: 287000 | V5: 298000 | W5: =S5 | X5: 960 | Y5: =C5&X5 | Z5: =VLOOKUP(Y5,'Giá Uốn hiện tại'!$E:$F,2,0) | AA5: =W5-Z5 | AB5: =AA5/Z5
A6: 21 | B6: 575 Âu Cơ | C6: 575 AC | D6: Hồ Chí Minh | E6: 18 | F6: Cụm gốc | G6: 0.644 | H6: Cao | I6: 0.4483 | J6: Trung | K6: 218000 | L6: 200000 | M6: 299000 | N6: 0.25 | O6: 0.45 | P6: 225000 | Q6: 245000 | R6: 225k - 245k | S6: 225000 | T6: 245000 | U6: 235000 | V6: 242000 | W6: =S6 | X6: 960 | Y6: =C6&X6 | Z6: =VLOOKUP(Y6,'Giá Uốn hiện tại'!$E:$F,2,0) | AA6: =W6-Z6 | AB6: =AA6/Z6
A7: 22 | B7: 927 Hậu Giang | C7: 927 HG | D7: Hồ Chí Minh | E7: 22 | F7: Cụm mới (cùng tỉnh) | G7: 0.6209 | H7: Cao | I7: 0.432 | J7: Trung | L7: 201000 | M7: 299000 | N7: 0.25 | O7: 0.45 | P7: 226000 | Q7: 245000 | R7: 226k - 245k | S7: 226000 | T7: 245000 | U7: 235000 | V7: 242000 | W7: =S7 | X7: 960 | Y7: =C7&X7 | Z7: =VLOOKUP(Y7,'Giá Uốn hiện tại'!$E:$F,2,0) | AA7: =W7-Z7 | AB7: =AA7/Z7
A8: 39 | B8: 151 Cầu Giấy, Q. CG | C8: 151 CG | D8: Hà Nội | E8: 1 | F8: Cụm gốc | G8: 0.6444 | H8: Cao | I8: 0.4063 | J8: Thấp | K8: 218000 | L8: 250000 | M8: 346000 | N8: 0.15 | O8: 0.35 | P8: 264000 | Q8: 284000 | R8: 264k - 284k | S8: 264000 | T8: 284000 | U8: 274000 | V8: 281000 | W8: =S8 | X8: 960 | Y8: =C8&X8 | Z8: =VLOOKUP(Y8,'Giá Uốn hiện tại'!$E:$F,2,0) | AA8: =W8-Z8 | AB8: =AA8/Z8
A9: 44 | B9: 103 Trần Não | C9: 103 TN | D9: Hồ Chí Minh | E9: 24 | F9: Cụm mới (cùng tỉnh) | G9: 0.5591 | H9: Trung | I9: 0.4948 | J9: Cao | K9: 218000 | L9: 203000 | M9: 299000 | N9: 0.55 | O9: 0.8 | P9: 256000 | Q9: 280000 | R9: 256k - 280k | S9: 256000 | T9: 280000 | U9: 268000 | V9: 276000 | W9: =S9 | X9: 960 | Y9: =C9&X9 | Z9: =VLOOKUP(Y9,'Giá Uốn hiện tại'!$E:$F,2,0) | AA9: =W9-Z9 | AB9: =AA9/Z9
A10: 45 | B10: 25 Tôn Đản | C10: 25 TD | D10: Hồ Chí Minh | E10: 24 | F10: Cụm mới (cùng tỉnh) | G10: 0.6313 | H10: Cao | I10: 0.4649 | J10: Cao | K10: 218000 | L10: 203000 | M10: 299000 | N10: 0.35 | O10: 0.55 | P10: 237000 | Q10: 256000 | R10: 237k - 256k | S10: 237000 | T10: 256000 | U10: 246000 | V10: 253000 | W10: =S10 | X10: 960 | Y10: =C10&X10 | Z10: =VLOOKUP(Y10,'Giá Uốn hiện tại'!$E:$F,2,0) | AA10: =W10-Z10 | AB10: =AA10/Z10
A11: 46 | B11: 483 Thống Nhất | C11: 483 TN | D11: Không xác định | E11: 14 | F11: Cụm gốc | G11: 0.5299 | H11: Trung | I11: 0.4186 | J11: Trung | K11: 218000 | L11: 204000 | M11: 301000 | N11: 0.4 | O11: 0.65 | P11: 243000 | Q11: 267000 | R11: 243k - 267k | S11: 243000 | T11: 267000 | U11: 255000 | V11: 263000 | W11: =S11 | X11: 960 | Y11: =C11&X11 | Z11: =VLOOKUP(Y11,'Giá Uốn hiện tại'!$E:$F,2,0) | AA11: =W11-Z11 | AB11: =AA11/Z11
A12: 47 | B12: 708 Lê Trọng Tấn | C12: 708 LTT | D12: Hồ Chí Minh | E12: 25 | F12: Cụm mới (cùng tỉnh) | G12: 0.5578 | H12: Trung | I12: 0.3585 | J12: Thấp | K12: 218000 | L12: 204000 | M12: 302000 | N12: 0.25 | O12: 0.5 | P12: 228000 | Q12: 253000 | R12: 228k - 253k | S12: 228000 | T12: 253000 | U12: 241000 | V12: 249000 | W12: =S12 | X12: 960 | Y12: =C12&X12 | Z12: =VLOOKUP(Y12,'Giá Uốn hiện tại'!$E:$F,2,0) | AA12: =W12-Z12 | AB12: =AA12/Z12
A13: 51 | B13: 420 Huỳnh Tấn Phát | C13: 420 HTP | D13: Hồ Chí Minh | E13: 21 | F13: Cụm gốc | G13: 0.5667 | H13: Trung | I13: 0.42 | J13: Trung | K13: 218000 | L13: 203000 | M13: 299000 | N13: 0.4 | O13: 0.65 | P13: 241000 | Q13: 265000 | R13: 241k - 265k | S13: 241000 | T13: 265000 | U13: 253000 | V13: 262000 | W13: =S13 | X13: 960 | Y13: =C13&X13 | Z13: =VLOOKUP(Y13,'Giá Uốn hiện tại'!$E:$F,2,0) | AA13: =W13-Z13 | AB13: =AA13/Z13
A14: 52 | B14: 451 Phạm Văn Thuận | C14: 451 PVT | D14: Đồng Nai | E14: 12 | F14: Cụm gốc | G14: 0.5405 | H14: Trung | I14: 0.3055 | J14: Thấp | K14: 218000 | L14: 181000 | M14: 297000 | N14: 0.25 | O14: 0.5 | P14: 210000 | Q14: 239000 | R14: 210k - 239k | S14: 210000 | T14: 239000 | U14: 224000 | V14: 235000 | W14: =S14 | X14: 960 | Y14: =C14&X14 | Z14: =VLOOKUP(Y14,'Giá Uốn hiện tại'!$E:$F,2,0) | AA14: =W14-Z14 | AB14: =AA14/Z14
A15: 58 | B15: 730 Tỉnh lộ 10 | C15: 730 TL10 | D15: Hồ Chí Minh | E15: 22 | F15: Cụm mới (cùng tỉnh) | G15: 0.5145 | H15: Trung | I15: 0.4168 | J15: Trung | K15: 218000 | L15: 201000 | M15: 299000 | N15: 0.4 | O15: 0.65 | P15: 240000 | Q15: 265000 | R15: 240k - 265k | S15: 240000 | T15: 265000 | U15: 252000 | V15: 261000 | W15: =S15 | X15: 960 | Y15: =C15&X15 | Z15: =VLOOKUP(Y15,'Giá Uốn hiện tại'!$E:$F,2,0) | AA15: =W15-Z15 | AB15: =AA15/Z15
A16: 60 | B16: 80 Phú Lợi | C16: 80 PL BD | D16: Bình Dương | E16: 11 | F16: Cụm gốc | G16: 0.5268 | H16: Trung | I16: 0.366 | J16: Thấp | K16: 218000 | L16: 249000 | M16: 351000 | N16: 0.25 | O16: 0.5 | P16: 274000 | Q16: 300000 | R16: 274k - 300k | S16: 274000 | T16: 300000 | U16: 287000 | V16: 296000 | W16: =S16 | X16: 960 | Y16: =C16&X16 | Z16: =VLOOKUP(Y16,'Giá Uốn hiện tại'!$E:$F,2,0) | AA16: =W16-Z16 | AB16: =AA16/Z16
A17: 61 | B17: 1180 Quang Trung | C17: 1180 QT | D17: Hồ Chí Minh | E17: 25 | F17: Cụm mới (cùng tỉnh) | G17: 0.6374 | H17: Cao | I17: 0.3781 | J17: Thấp | K17: 229000 | L17: 204000 | M17: 302000 | N17: 0.15 | O17: 0.35 | P17: 219000 | Q17: 238000 | R17: 219k - 238k | S17: 219000 | T17: 238000 | U17: 228000 | V17: 235000 | W17: =S17 | X17: 960 | Y17: =C17&X17 | Z17: =VLOOKUP(Y17,'Giá Uốn hiện tại'!$E:$F,2,0) | AA17: =W17-Z17 | AB17: =AA17/Z17
A18: 63 | B18: 29 Hiệp Bình | C18: 29 HB | D18: Hồ Chí Minh | E18: 23 | F18: Cụm mới (cùng tỉnh) | G18: 0.5142 | H18: Trung | I18: 0.379 | J18: Thấp | K18: 218000 | L18: 203000 | M18: 300000 | N18: 0.25 | O18: 0.5 | P18: 227000 | Q18: 252000 | R18: 227k - 252k | S18: 227000 | T18: 252000 | U18: 239000 | V18: 248000 | W18: =S18 | X18: 960 | Y18: =C18&X18 | Z18: =VLOOKUP(Y18,'Giá Uốn hiện tại'!$E:$F,2,0) | AA18: =W18-Z18 | AB18: =AA18/Z18
A19: 65 | B19: 255 Nguyễn An Ninh | C19: 255 NAN | D19: Bình Dương | E19: 27 | F19: Cụm mới (cùng tỉnh) | G19: 0.5626 | H19: Trung | I19: 0.3909 | J19: Thấp | K19: 218000 | L19: 299000 | M19: 348000 | N19: 0.25 | O19: 0.5 | P19: 311000 | Q19: 324000 | R19: 311k - 324k | S19: 311000 | T19: 324000 | U19: 317000 | V19: 322000 | W19: =S19 | X19: 960 | Y19: =C19&X19 | Z19: =VLOOKUP(Y19,'Giá Uốn hiện tại'!$E:$F,2,0) | AA19: =W19-Z19 | AB19: =AA19/Z19
A20: 69 | B20: 312 Lê Văn Sỹ | C20: 312 LVS | D20: Không xác định | E20: 16 | F20: Cụm gốc | G20: 0.6377 | H20: Cao | I20: 0.4263 | J20: Trung | K20: 218000 | L20: 198000 | M20: 298000 | N20: 0.25 | O20: 0.45 | P20: 223000 | Q20: 243000 | R20: 223k - 243k | S20: 223000 | T20: 243000 | U20: 233000 | V20: 240000 | W20: =S20 | X20: 960 | Y20: =C20&X20 | Z20: =VLOOKUP(Y20,'Giá Uốn hiện tại'!$E:$F,2,0) | AA20: =W20-Z20 | AB20: =AA20/Z20
A21: 72 | B21: 113 Trần Hưng Đạo | C21: 113 THD AG | D21: An Giang | F21: Độc lập (1 salon trong tỉnh) | G21: 0.4261 | H21: Trung | I21: 0.2966 | J21: Thấp | K21: 218000 | L21: 201000 | M21: 251000 | N21: 0.25 | O21: 0.5 | P21: 214000 | Q21: 226000 | R21: 214k - 226k | S21: 214000 | T21: 226000 | U21: 220000 | V21: 224000 | W21: =S21 | X21: 960 | Y21: =C21&X21 | Z21: =VLOOKUP(Y21,'Giá Uốn hiện tại'!$E:$F,2,0) | AA21: =W21-Z21 | AB21: =AA21/Z21
A22: 85 | B22: 363 Lương Ngọc Quyến | C22: 363 LNQ TN | D22: Thái Nguyên | F22: Độc lập (1 salon trong tỉnh) | G22: 0.5119 | H22: Trung | I22: 0.3665 | J22: Thấp | K22: 218000 | L22: 297000 | M22: 497000 | N22: 0.25 | O22: 0.5 | P22: 347000 | Q22: 397000 | R22: 347k - 397k | S22: 347000 | T22: 397000 | U22: 372000 | V22: 390000 | W22: =S22 | X22: 960 | Y22: =C22&X22 | Z22: =VLOOKUP(Y22,'Giá Uốn hiện tại'!$E:$F,2,0) | AA22: =W22-Z22 | AB22: =AA22/Z22
A23: 106 | B23: 76 Phan Văn Hớn | C23: 76 PVH | D23: Hồ Chí Minh | E23: 25 | F23: Cụm mới (cùng tỉnh) | G23: 0.4969 | H23: Trung | I23: 0.37 | J23: Thấp | K23: 218000 | L23: 204000 | M23: 302000 | N23: 0.25 | O23: 0.5 | P23: 228000 | Q23: 253000 | R23: 228k - 253k | S23: 228000 | T23: 253000 | U23: 241000 | V23: 249000 | W23: =S23 | X23: 960 | Y23: =C23&X23 | Z23: =VLOOKUP(Y23,'Giá Uốn hiện tại'!$E:$F,2,0) | AA23: =W23-Z23 | AB23: =AA23/Z23
A24: 141 | B24: 236 Dương Bá Trạc | C24: 236 DBT | D24: Hồ Chí Minh | E24: 20 | F24: Cụm gốc | G24: 0.6503 | H24: Cao | I24: 0.4151 | J24: Trung | K24: 218000 | L24: 203000 | M24: 301000 | N24: 0.25 | O24: 0.45 | P24: 228000 | Q24: 247000 | R24: 228k - 247k | S24: 228000 | T24: 247000 | U24: 237000 | V24: 244000 | W24: =S24 | X24: 960 | Y24: =C24&X24 | Z24: =VLOOKUP(Y24,'Giá Uốn hiện tại'!$E:$F,2,0) | AA24: =W24-Z24 | AB24: =AA24/Z24
A25: 143 | B25: 10 Trần Phú | C25: 10 TP | D25: Hà Nội | E25: 7 | F25: Cụm gốc | G25: 0.6802 | H25: Cao | I25: 0.446 | J25: Trung | K25: 218000 | L25: 201000 | M25: 298000 | N25: 0.25 | O25: 0.45 | P25: 225000 | Q25: 245000 | R25: 225k - 245k | S25: 225000 | T25: 245000 | U25: 235000 | V25: 242000 | W25: =S25 | X25: 960 | Y25: =C25&X25 | Z25: =VLOOKUP(Y25,'Giá Uốn hiện tại'!$E:$F,2,0) | AA25: =W25-Z25 | AB25: =AA25/Z25
A26: 144 | B26: 168 Nguyễn Văn Cừ | C26: 168 NVC | D26: Hà Nội | E26: 29 | F26: Cụm mới (cùng tỉnh) | G26: 0.5388 | H26: Trung | I26: 0.4732 | J26: Cao | K26: 229000 | L26: 204000 | M26: 401000 | N26: 0.55 | O26: 0.8 | P26: 312000 | Q26: 362000 | R26: 312k - 362k | S26: 312000 | T26: 362000 | U26: 337000 | V26: 354000 | W26: =S26 | X26: 960 | Y26: =C26&X26 | Z26: =VLOOKUP(Y26,'Giá Uốn hiện tại'!$E:$F,2,0) | AA26: =W26-Z26 | AB26: =AA26/Z26
A27: 145 | B27: 237 Nguyễn Thị Thập | C27: 237 NTT | D27: Hồ Chí Minh | E27: 21 | F27: Cụm gốc | G27: 0.7782 | H27: Cao | I27: 0.4394 | J27: Trung | K27: 214000 | L27: 203000 | M27: 299000 | N27: 0.25 | O27: 0.45 | P27: 227000 | Q27: 246000 | R27: 227k - 246k | S27: 227000 | T27: 246000 | U27: 237000 | V27: 243000 | W27: =S27 | X27: 960 | Y27: =C27&X27 | Z27: =VLOOKUP(Y27,'Giá Uốn hiện tại'!$E:$F,2,0) | AA27: =W27-Z27 | AB27: =AA27/Z27
A28: 146 | B28: 109 Trần Quốc Hoàn | C28: 109 TQH | D28: Hà Nội | E28: 1 | F28: Cụm gốc | G28: 0.6773 | H28: Cao | I28: 0.4359 | J28: Trung | K28: 218000 | L28: 250000 | M28: 346000 | N28: 0.25 | O28: 0.45 | P28: 274000 | Q28: 293000 | R28: 274k - 293k | S28: 274000 | T28: 293000 | U28: 284000 | V28: 290000 | W28: =S28 | X28: 960 | Y28: =C28&X28 | Z28: =VLOOKUP(Y28,'Giá Uốn hiện tại'!$E:$F,2,0) | AA28: =W28-Z28 | AB28: =AA28/Z28
A29: 147 | B29: 99 Tân Sơn Nhì | C29: 99 TSN | D29: Hồ Chí Minh | E29: 18 | F29: Cụm gốc | G29: 0.6664 | H29: Cao | I29: 0.4415 | J29: Trung | K29: 218000 | L29: 200000 | M29: 299000 | N29: 0.25 | O29: 0.45 | P29: 225000 | Q29: 245000 | R29: 225k - 245k | S29: 225000 | T29: 245000 | U29: 235000 | V29: 242000 | W29: =S29 | X29: 960 | Y29: =C29&X29 | Z29: =VLOOKUP(Y29,'Giá Uốn hiện tại'!$E:$F,2,0) | AA29: =W29-Z29 | AB29: =AA29/Z29
A30: 182 | B30: 186 Đinh Tiên Hoàng | C30: 186 DTH | D30: Hồ Chí Minh | E30: 24 | F30: Cụm mới (cùng tỉnh) | G30: 0.6312 | H30: Cao | I30: 0.4414 | J30: Trung | K30: 218000 | L30: 203000 | M30: 299000 | N30: 0.25 | O30: 0.45 | P30: 227000 | Q30: 246000 | R30: 227k - 246k | S30: 227000 | T30: 246000 | U30: 237000 | V30: 243000 | W30: =S30 | X30: 960 | Y30: =C30&X30 | Z30: =VLOOKUP(Y30,'Giá Uốn hiện tại'!$E:$F,2,0) | AA30: =W30-Z30 | AB30: =AA30/Z30
A31: 184 | B31: 36 đường N1, KCN Mỹ Phước 1 | C31: 36 N1 BD | D31: Bình Dương | E31: 27 | F31: Cụm mới (cùng tỉnh) | G31: 0.553 | H31: Trung | I31: 0.3126 | J31: Thấp | K31: 218000 | L31: 299000 | M31: 348000 | N31: 0.25 | O31: 0.5 | P31: 311000 | Q31: 324000 | R31: 311k - 324k | S31: 311000 | T31: 324000 | U31: 317000 | V31: 322000 | W31: =S31 | X31: 960 | Y31: =C31&X31 | Z31: =VLOOKUP(Y31,'Giá Uốn hiện tại'!$E:$F,2,0) | AA31: =W31-Z31 | AB31: =AA31/Z31
A32: 188 | B32: 190 Hòa Bình | C32: 190 HB | D32: Hồ Chí Minh | E32: 22 | F32: Cụm mới (cùng tỉnh) | G32: 0.6785 | H32: Cao | I32: 0.412 | J32: Thấp | K32: 218000 | L32: 201000 | M32: 299000 | N32: 0.15 | O32: 0.35 | P32: 216000 | Q32: 235000 | R32: 216k - 235k | S32: 216000 | T32: 235000 | U32: 226000 | V32: 232000 | W32: =S32 | X32: 960 | Y32: =C32&X32 | Z32: =VLOOKUP(Y32,'Giá Uốn hiện tại'!$E:$F,2,0) | AA32: =W32-Z32 | AB32: =AA32/Z32
A33: 192 | B33: 264 Lạc Long Quân | C33: 264 LLQ | D33: Hà Nội | E33: 29 | F33: Cụm mới (cùng tỉnh) | G33: 0.5709 | H33: Trung | I33: 0.4294 | J33: Trung | K33: 229000 | L33: 204000 | M33: 401000 | N33: 0.4 | O33: 0.65 | P33: 283000 | Q33: 332000 | R33: 283k - 332k | S33: 283000 | T33: 332000 | U33: 307000 | V33: 325000 | W33: =S33 | X33: 960 | Y33: =C33&X33 | Z33: =VLOOKUP(Y33,'Giá Uốn hiện tại'!$E:$F,2,0) | AA33: =W33-Z33 | AB33: =AA33/Z33
A34: 193 | B34: 145 Tô Hiến Thành | C34: 145 THT | D34: Hồ Chí Minh | E34: 19 | F34: Cụm gốc | G34: 0.5476 | H34: Trung | I34: 0.4086 | J34: Thấp | K34: 218000 | L34: 202000 | M34: 300000 | N34: 0.25 | O34: 0.5 | P34: 226000 | Q34: 251000 | R34: 226k - 251k | S34: 226000 | T34: 251000 | U34: 239000 | V34: 247000 | W34: =S34 | X34: 960 | Y34: =C34&X34 | Z34: =VLOOKUP(Y34,'Giá Uốn hiện tại'!$E:$F,2,0) | AA34: =W34-Z34 | AB34: =AA34/Z34
... A37: 197 | B37: 65 Cầu Diễn | C37: 65 CD | D37: Hà Nội | E37: 30 | F37: Cụm mới (cùng tỉnh) | G37: 0.5089 | H37: Trung | I37: 0.3908 | J37: Thấp | K37: 218000 | L37: 204000 | M37: 347000 | N37: 0.25 | O37: 0.5 | P37: 240000 | Q37: 276000 | R37: 240k - 276k | S37: 240000 | T37: 276000 | U37: 258000 | V37: 270000 | W37: =S37 | X37: 960 | Y37: =C37&X37 | Z37: =VLOOKUP(Y37,'Giá Uốn hiện tại'!$E:$F,2,0) | AA37: =W37-Z37 | AB37: =AA37/Z37
A38: 199 | B38: 7 Đỗ Tường Phong | C38: 7 DTP LA | D38: Long An | F38: Độc lập (1 salon trong tỉnh) | G38: 0.5319 | H38: Trung | I38: 0.3842 | J38: Thấp | K38: 218000 | L38: 153000 | M38: 298000 | N38: 0.25 | O38: 0.5 | P38: 189000 | Q38: 226000 | R38: 189k - 226k | S38: 189000 | T38: 226000 | U38: 207000 | V38: 220000 | W38: =S38 | X38: 960 | Y38: =C38&X38 | Z38: =VLOOKUP(Y38,'Giá Uốn hiện tại'!$E:$F,2,0) | AA38: =W38-Z38 | AB38: =AA38/Z38
A39: 204 | B39: 401/1 Nguyễn Duy Trinh | C39: 401/1 NDT | D39: Hồ Chí Minh | E39: 23 | F39: Cụm mới (cùng tỉnh) | G39: 0.5599 | H39: Trung | I39: 0.3979 | J39: Thấp | K39: 218000 | L39: 203000 | M39: 300000 | N39: 0.25 | O39: 0.5 | P39: 227000 | Q39: 252000 | R39: 227k - 252k | S39: 227000 | T39: 252000 | U39: 239000 | V39: 248000 | W39: =S39 | X39: 960 | Y39: =C39&X39 | Z39: =VLOOKUP(Y39,'Giá Uốn hiện tại'!$E:$F,2,0) | AA39: =W39-Z39 | AB39: =AA39/Z39
A40: 205 | B40: 341 Xô Viết Nghệ Tĩnh | C40: 341 XVNT | D40: Hồ Chí Minh | E40: 17 | F40: Cụm gốc | G40: 0.6578 | H40: Cao | I40: 0.3726 | J40: Thấp | K40: 218000 | L40: 297000 | M40: 320000 | N40: 0.15 | O40: 0.35 | P40: 300000 | Q40: 305000 | R40: 300k - 305k | S40: 300000 | T40: 305000 | U40: 303000 | V40: 304000 | W40: =S40 | X40: 960 | Y40: =C40&X40 | Z40: =VLOOKUP(Y40,'Giá Uốn hiện tại'!$E:$F,2,0) | AA40: =W40-Z40 | AB40: =AA40/Z40
A41: 210 | B41: 148B Trương Định | C41: 148 TD | D41: Hà Nội | E41: 6 | F41: Cụm gốc | G41: 0.6448 | H41: Cao | I41: 0.361 | J41: Thấp | K41: 229000 | L41: 202000 | M41: 299000 | N41: 0.15 | O41: 0.35 | P41: 217000 | Q41: 236000 | R41: 217k - 236k | S41: 217000 | T41: 236000 | U41: 226000 | V41: 233000 | W41: =S41 | X41: 960 | Y41: =C41&X41 | Z41: =VLOOKUP(Y41,'Giá Uốn hiện tại'!$E:$F,2,0) | AA41: =W41-Z41 | AB41: =AA41/Z41
A42: 212 | B42: 58 Nguyễn Văn Cừ | C42: 58 NVC NA | D42: Nghệ An | E42: 10 | F42: Cụm gốc | G42: 0.5736 | H42: Trung | I42: 0.3468 | J42: Thấp | K42: 229000 | L42: 203000 | M42: 298000 | N42: 0.25 | O42: 0.5 | P42: 227000 | Q42: 250000 | R42: 227k - 250k | S42: 227000 | T42: 250000 | U42: 239000 | V42: 247000 | W42: =S42 | X42: 960 | Y42: =C42&X42 | Z42: =VLOOKUP(Y42,'Giá Uốn hiện tại'!$E:$F,2,0) | AA42: =W42-Z42 | AB42: =AA42/Z42
A43: 217 | B43: Time Garden 25/4 | C43: TG 25/4 QN | D43: Quảng Ninh | F43: Độc lập (1 salon trong tỉnh) | G43: 0.4548 | H43: Trung | I43: 0.3503 | J43: Thấp | K43: 218000 | L43: 150000 | M43: 249000 | N43: 0.25 | O43: 0.5 | P43: 175000 | Q43: 200000 | R43: 175k - 200k | S43: 175000 | T43: 200000 | U43: 187000 | V43: 196000 | W43: =S43 | X43: 960 | Y43: =C43&X43 | Z43: =VLOOKUP(Y43,'Giá Uốn hiện tại'!$E:$F,2,0) | AA43: =W43-Z43 | AB43: =AA43/Z43
A44: 228 | B44: 62 Láng Hạ | C44: 62 LH | D44: Hà Nội | E44: 4 | F44: Cụm gốc | G44: 0.6146 | H44: Cao | I44: 0.4489 | J44: Trung | K44: 218000 | L44: 201000 | M44: 299000 | N44: 0.25 | O44: 0.45 | P44: 226000 | Q44: 245000 | R44: 226k - 245k | S44: 226000 | T44: 245000 | U44: 235000 | V44: 242000 | W44: =S44 | X44: 960 | Y44: =C44&X44 | Z44: =VLOOKUP(Y44,'Giá Uốn hiện tại'!$E:$F,2,0) | AA44: =W44-Z44 | AB44: =AA44/Z44
A45: 230 | B45: 290 Quang Trung | C45: 290 QT TH | D45: Thanh Hóa | F45: Độc lập (1 salon trong tỉnh) | G45: 0.46 | H45: Trung | I45: 0.4386 | J45: Trung | K45: 218000 | L45: 199000 | M45: 298000 | N45: 0.4 | O45: 0.65 | P45: 239000 | Q45: 263000 | R45: 239k - 263k | S45: 239000 | T45: 263000 | U45: 251000 | V45: 260000 | W45: =S45 | X45: 960 | Y45: =C45&X45 | Z45: =VLOOKUP(Y45,'Giá Uốn hiện tại'!$E:$F,2,0) | AA45: =W45-Z45 | AB45: =AA45/Z45
A46: 231 | B46: 304 Nguyễn Trãi | C46: 304 NT TH | D46: Thanh Hóa | E46: 9 | F46: Cụm gốc | G46: 0.4811 | H46: Trung | I46: 0.4096 | J46: Thấp | K46: 218000 | L46: 254000 | M46: 401000 | N46: 0.25 | O46: 0.5 | P46: 291000 | Q46: 328000 | R46: 291k - 328k | S46: 291000 | T46: 328000 | U46: 309000 | V46: 322000 | W46: =S46 | X46: 960 | Y46: =C46&X46 | Z46: =VLOOKUP(Y46,'Giá Uốn hiện tại'!$E:$F,2,0) | AA46: =W46-Z46 | AB46: =AA46/Z46
A47: 232 | B47: 80 Trần Phú | C47: 80 TP TH | D47: Thanh Hóa | E47: 9 | F47: Cụm gốc | G47: 0.5226 | H47: Trung | I47: 0.4058 | J47: Thấp | K47: 229000 | L47: 254000 | M47: 401000 | N47: 0.25 | O47: 0.5 | P47: 291000 | Q47: 328000 | R47: 291k - 328k | S47: 291000 | T47: 328000 | U47: 309000 | V47: 322000 | W47: =S47 | X47: 960 | Y47: =C47&X47 | Z47: =VLOOKUP(Y47,'Giá Uốn hiện tại'!$E:$F,2,0) | AA47: =W47-Z47 | AB47: =AA47/Z47
A48: 233 | B48: 595 Bà Triệu | C48: 595 BT TH | D48: Thanh Hóa | E48: 9 | F48: Cụm gốc | G48: 0.5387 | H48: Trung | I48: 0.4489 | J48: Trung | K48: 218000 | L48: 254000 | M48: 401000 | N48: 0.4 | O48: 0.65 | P48: 313000 | Q48: 350000 | R48: 313k - 350k | S48: 313000 | T48: 350000 | U48: 331000 | V48: 344000 | W48: =S48 | X48: 960 | Y48: =C48&X48 | Z48: =VLOOKUP(Y48,'Giá Uốn hiện tại'!$E:$F,2,0) | AA48: =W48-Z48 | AB48: =AA48/Z48
A49: 239 | B49: 186 Quang Trung | C49: 186 QT | D49: Hà Nội | E49: 8 | F49: Cụm gốc | G49: 0.5104 | H49: Trung | I49: 0.3918 | J49: Thấp | K49: 229000 | L49: 202000 | M49: 399000 | N49: 0.25 | O49: 0.5 | P49: 251000 | Q49: 300000 | R49: 251k - 300k | S49: 251000 | T49: 300000 | U49: 276000 | V49: 293000 | W49: =S49 | X49: 960 | Y49: =C49&X49 | Z49: =VLOOKUP(Y49,'Giá Uốn hiện tại'!$E:$F,2,0) | AA49: =W49-Z49 | AB49: =AA49/Z49
A50: 240 | B50: 68 Lê Nin | C50: 68 LN NA | D50: Nghệ An | F50: Độc lập (1 salon trong tỉnh) | G50: 0.4514 | H50: Trung | I50: 0.3922 | J50: Thấp | K50: 218000 | L50: 152000 | M50: 298000 | N50: 0.25 | O50: 0.5 | P50: 188000 | Q50: 225000 | R50: 188k - 225k | S50: 188000 | T50: 225000 | U50: 207000 | V50: 220000 | W50: =S50 | X50: 960 | Y50: =C50&X50 | Z50: =VLOOKUP(Y50,'Giá Uốn hiện tại'!$E:$F,2,0) | AA50: =W50-Z50 | AB50: =AA50/Z50
A51: 244 | B51: 11 Phan Kế Toại | C51: 11 PKT | D51: Hà Nội | E51: 30 | F51: Cụm mới (cùng tỉnh) | G51: 0.4456 | H51: Trung | I51: 0.4357 | J51: Trung | K51: 229000 | L51: 204000 | M51: 347000 | N51: 0.4 | O51: 0.65 | P51: 261000 | Q51: 297000 | R51: 261k - 297k | S51: 261000 | T51: 297000 | U51: 279000 | V51: 292000 | W51: =S51 | X51: 960 | Y51: =C51&X51 | Z51: =VLOOKUP(Y51,'Giá Uốn hiện tại'!$E:$F,2,0) | AA51: =W51-Z51 | AB51: =AA51/Z51
A52: 245 | B52: 55A Nguyễn Văn Lộc | C52: 55A NVL | D52: Hà Nội | E52: 7 | F52: Cụm gốc | G52: 0.5529 | H52: Trung | I52: 0.4737 | J52: Cao | K52: 218000 | L52: 201000 | M52: 298000 | N52: 0.55 | O52: 0.8 | P52: 254000 | Q52: 279000 | R52: 254k - 279k | S52: 254000 | T52: 279000 | U52: 266000 | V52: 275000 | W52: =S52 | X52: 960 | Y52: =C52&X52 | Z52: =VLOOKUP(Y52,'Giá Uốn hiện tại'!$E:$F,2,0) | AA52: =W52-Z52 | AB52: =AA52/Z52
A53: 247 | B53: 1371 Phạm Văn Thuận | C53: 1371 PVT | D53: Đồng Nai | E53: 12 | F53: Cụm gốc | G53: 0.5754 | H53: Trung | I53: 0.3136 | J53: Thấp | K53: 218000 | L53: 181000 | M53: 297000 | N53: 0.25 | O53: 0.5 | P53: 210000 | Q53: 239000 | R53: 210k - 239k | S53: 210000 | T53: 239000 | U53: 224000 | V53: 235000 | W53: =S53 | X53: 960 | Y53: =C53&X53 | Z53: =VLOOKUP(Y53,'Giá Uốn hiện tại'!$E:$F,2,0) | AA53: =W53-Z53 | AB53: =AA53/Z53
A54: 249 | B54: 1146 Kha Vạn Cân | C54: 1146 KVC | D54: Hồ Chí Minh | E54: 23 | F54: Cụm mới (cùng tỉnh) | G54: 0.6701 | H54: Cao | I54: 0.3804 | J54: Thấp | K54: 218000 | L54: 203000 | M54: 300000 | N54: 0.15 | O54: 0.35 | P54: 218000 | Q54: 237000 | R54: 218k - 237k | S54: 218000 | T54: 237000 | U54: 227000 | V54: 234000 | W54: =S54 | X54: 960 | Y54: =C54&X54 | Z54: =VLOOKUP(Y54,'Giá Uốn hiện tại'!$E:$F,2,0) | AA54: =W54-Z54 | AB54: =AA54/Z54
A55: 250 | B55: 173 Thanh Nhàn | C55: 173 TN | D55: Hà Nội | E55: 6 | F55: Cụm gốc | G55: 0.6493 | H55: Cao | I55: 0.4431 | J55: Trung | K55: 218000 | L55: 202000 | M55: 299000 | N55: 0.25 | O55: 0.45 | P55: 226000 | Q55: 246000 | R55: 226k - 246k | S55: 226000 | T55: 246000 | U55: 236000 | V55: 243000 | W55: =S55 | X55: 960 | Y55: =C55&X55 | Z55: =VLOOKUP(Y55,'Giá Uốn hiện tại'!$E:$F,2,0) | AA55: =W55-Z55 | AB55: =AA55/Z55
A56: 274 | B56: 32 Nguyễn Ảnh Thủ | C56: 32 NAT | D56: Hồ Chí Minh | E56: 25 | F56: Cụm mới (cùng tỉnh) | G56: 0.5614 | H56: Trung | I56: 0.4177 | J56: Trung | L56: 204000 | M56: 302000 | N56: 0.4 | O56: 0.65 | P56: 243000 | Q56: 268000 | R56: 243k - 268k | S56: 243000 | T56: 268000 | U56: 255000 | V56: 264000 | W56: =S56 | X56: 960 | Y56: =C56&X56 | Z56: =VLOOKUP(Y56,'Giá Uốn hiện tại'!$E:$F,2,0) | AA56: =W56-Z56 | AB56: =AA56/Z56
A57: 302 | B57: 362 Ngô Gia Tự | C57: 362 NGT BN | D57: Bắc Ninh | E57: 32 | F57: Cụm mới (cùng tỉnh) | G57: 0.5219 | H57: Trung | I57: 0.4295 | J57: Trung | K57: 218000 | L57: 204000 | M57: 302000 | N57: 0.4 | O57: 0.65 | P57: 243000 | Q57: 268000 | R57: 243k - 268k | S57: 243000 | T57: 268000 | U57: 255000 | V57: 264000 | W57: =S57 | X57: 960 | Y57: =C57&X57 | Z57: =VLOOKUP(Y57,'Giá Uốn hiện tại'!$E:$F,2,0) | AA57: =W57-Z57 | AB57: =AA57/Z57

Sheet Nhuộm（Sao chép）
A1: SalonID | B1: Tên Salon | C1: Mã Salon | D1: GDTM đề xuất = KB1: Hút Traffic | E1: ID dv | G1: Giá hiện tại | H1: Chênh lệch giá cũ | I1: %
A2: 2 | B2: 346 Khâm Thiên | C2: 346 KT | D2: 255000 | E2: 960 | F2: 346 KT960 | G2: 369000 | H2: -114000 | I2: -0.30894309
A3: 11 | B3: 8 Châu Văn Liêm | C3: 8 CVL | D3: 226000 | E3: 960 | F3: 8 CVL960 | G3: 366000 | H3: -140000 | I3: -0.38251366
A4: 12 | B4: 12 Lê Đức Thọ | C4: 12 LDT | D4: 227000 | E4: 960 | F4: 12 LDT960 | G4: 366000 | H4: -139000 | I4: -0.37978142
A5: 20 | B5: 382 Nguyễn Trãi | C5: 382 NT | D5: 271000 | E5: 960 | F5: 382 NT960 | G5: 369000 | H5: -98000 | I5: -0.26558266
A6: 21 | B6: 575 Âu Cơ | C6: 575 AC | D6: 225000 | E6: 960 | F6: 575 AC960 | G6: 366000 | H6: -141000 | I6: -0.3852459
A7: 22 | B7: 927 Hậu Giang | C7: 927 HG | D7: 226000 | E7: 960 | F7: 927 HG960 | G7: 366000 | H7: -140000 | I7: -0.38251366
A8: 39 | B8: 151 Cầu Giấy, Q. CG | C8: 151 CG | D8: 264000 | E8: 960 | F8: 151 CG960 | G8: 346000 | H8: -82000 | I8: -0.23699422
A9: 44 | B9: 103 Trần Não | C9: 103 TN | D9: 256000 | E9: 960 | F9: 103 TN960 | G9: 369000 | H9: -113000 | I9: -0.30623306
A10: 45 | B10: 25 Tôn Đản | C10: 25 TD | D10: 237000 | E10: 960 | F10: 25 TD960 | G10: 369000 | H10: -132000 | I10: -0.35772358
A11: 46 | B11: 483 Thống Nhất | C11: 483 TN | D11: 243000 | E11: 960 | F11: 483 TN960 | G11: 332000 | H11: -89000 | I11: -0.26807229
A12: 47 | B12: 708 Lê Trọng Tấn | C12: 708 LTT | D12: 228000 | E12: 960 | F12: 708 LTT960 | G12: 346000 | H12: -118000 | I12: -0.34104046
A13: 51 | B13: 420 Huỳnh Tấn Phát | C13: 420 HTP | D13: 241000 | E13: 960 | F13: 420 HTP960 | G13: 366000 | H13: -125000 | I13: -0.34153005
... A57: 302 | B57: 362 Ngô Gia Tự | C57: 362 NGT BN | D57: 243000 | E57: 960 | F57: 362 NGT BN960 | G57: 366000 | H57: -123000 | I57: -0.33606557

Sheet Data giá Relax hiện tại
A1: GIÁ DỊCH VỤ CẮT XẢ VÀ CÁC DỊCH VỤ RELAX CÓ CẮT
A2: Salon_name | B2: P_Category_name | C2: service_id | E2: service_name | F2: Giá mới điều chỉnh ngày 07/03
A3: 10 TP | B3: DV_Cắt | C3: 513 | D3: =A3&C3 | E3: [DV] ShineCombo 10 bước Ultra Care 2023 | F3: 122000
A4: 10 TP | B4: DV_Cắt | C4: 891 | D4: =A4&C4 | E4: Cắt xả tạo kiểu | F4: 94000
A5: 10 TP | B5: DV_Cắt | C5: 1052 | D5: =A5&C5 | E5: Combo 1 - First Class 1 | F5: 139000
A6: 10 TP | B6: DV_Cắt | C6: 1002 | D6: =A6&C6 | E6: Kid Cắt | F6: 75000
A7: 10 TP | B7: DV_Cắt_Vip | C7: 1047 | D7: =A7&C7 | E7: Cắt Gội Combo 3 - Chăm da | F7: 299000
A8: 10 TP | B8: DV_Cắt_Vip | C8: 1053 | D8: =A8&C8 | E8: Combo 2 - First Class 2 | F8: 239000
A9: 10 TP | B9: DV_Cắt_Vip | C9: 1054 | D9: =A9&C9 | E9: Combo 3 - First Class 3 | F9: 309000
A10: 10 TP | B10: DV_Cắt_Vip | C10: 1055 | D10: =A10&C10 | E10: Combo 4- First Class 4 | F10: 409000
A11: 10 TP | B11: DV_Cắt_Vip | C11: 1046 | D11: =A11&C11 | E11: Shinecombo 2 | F11: 199000
A12: 103 TN | B12: DV_Cắt | C12: 513 | D12: =A12&C12 | E12: [DV] ShineCombo 10 bước Ultra Care 2023 | F12: 122000
A13: 103 TN | B13: DV_Cắt | C13: 1070 | D13: =A13&C13 | E13: Combo Cắt gội Kid | F13: 100000
A14: 103 TN | B14: DV_Cắt | C14: 891 | D14: =A14&C14 | E14: Cắt xả tạo kiểu | F14: 95000
... A568: TG 25/4 QN | B568: DV_Cắt_Vip | C568: 1046 | D568: =A568&C568 | E568: Shinecombo 2 | F568: 199000

Sheet Giá Uốn hiện tại
A1: Tên salon | B1: ID salon | C1: Tên dịch vụ | D1: ID dịch vụ | F1: Điều chỉnh thay đổi ngày 6/3
A2: 10 TP | B2: 143 | C2: (NEW) Uốn/Duỗi/Định hình full đầu tạo form vào nếp tự nhiên | D2: 1009 | E2: 10 TP1009 | F2: 396000
A3: 103 TN | B3: 44 | C3: (NEW) Uốn/Duỗi/Định hình full đầu tạo form vào nếp tự nhiên | D3: 1009 | E3: 103 TN1009 | F3: 406000
A4: 109 TQH | B4: 146 | C4: (NEW) Uốn/Duỗi/Định hình full đầu tạo form vào nếp tự nhiên | D4: 1009 | E4: 109 TQH1009 | F4: 396000
A5: 11 PKT | B5: 244 | C5: (NEW) Uốn/Duỗi/Định hình full đầu tạo form vào nếp tự nhiên | D5: 1009 | E5: 11 PKT1009 | F5: 396000
A6: 113 THD AG | B6: 72 | C6: (NEW) Uốn/Duỗi/Định hình full đầu tạo form vào nếp tự nhiên | D6: 1009 | E6: 113 THD AG1009 | F6: 396000
A7: 1146 KVC | B7: 249 | C7: (NEW) Uốn/Duỗi/Định hình full đầu tạo form vào nếp tự nhiên | D7: 1009 | E7: 1146 KVC1009 | F7: 396000
A8: 116 TK | B8: 187 | C8: (NEW) Uốn/Duỗi/Định hình full đầu tạo form vào nếp tự nhiên | D8: 1009 | E8: 116 TK1009 | F8: 396000
A9: 1180 QT | B9: 61 | C9: (NEW) Uốn/Duỗi/Định hình full đầu tạo form vào nếp tự nhiên | D9: 1009 | E9: 1180 QT1009 | F9: 396000
A10: 12 LDT | B10: 12 | C10: (NEW) Uốn/Duỗi/Định hình full đầu tạo form vào nếp tự nhiên | D10: 1009 | E10: 12 LDT1009 | F10: 396000
A11: 1371 PVT | B11: 247 | C11: (NEW) Uốn/Duỗi/Định hình full đầu tạo form vào nếp tự nhiên | D11: 1009 | E11: 1371 PVT1009 | F11: 396000
A12: 145 THT | B12: 193 | C12: (NEW) Uốn/Duỗi/Định hình full đầu tạo form vào nếp tự nhiên | D12: 1009 | E12: 145 THT1009 | F12: 396000
A13: 148 TD | B13: 210 | C13: (NEW) Uốn/Duỗi/Định hình full đầu tạo form vào nếp tự nhiên | D13: 1009 | E13: 148 TD1009 | F13: 396000
... A121: TG 25/4 QN | B121: 217 | C121: (NEW) Nhuộm màu thời trang Milano | D121: 960 | E121: TG 25/4 QN960 | F121: 346000

Sheet Kịch bản thay đổi giá Relax -  
B1: Salon_name | C1: P_Category_name | D1: service_id | E1: Mã | F1: service_name | G1: Giá ngày 07/03
B2: 10 TP | C2: DV_Cắt | D2: 513 | E2: =B2&D2 | F2: [DV] ShineCombo 10 bước Ultra Care 2023 | G2: 122000
B3: 10 TP | C3: DV_Cắt | D3: 891 | E3: =B3&D3 | F3: Cắt xả tạo kiểu | G3: 94000
B4: 10 TP | C4: DV_Cắt | D4: 1052 | E4: =B4&D4 | F4: Combo 1 - First Class 1 | G4: 139000
B5: 10 TP | C5: DV_Cắt | D5: 1002 | E5: =B5&D5 | F5: Kid Cắt | G5: 75000
B6: 10 TP | C6: DV_Cắt_Vip | D6: 1047 | E6: =B6&D6 | F6: Cắt Gội Combo 3 - Chăm da | G6: 299000
B7: 10 TP | C7: DV_Cắt_Vip | D7: 1053 | E7: =B7&D7 | F7: Combo 2 - First Class 2 | G7: 239000
B8: 10 TP | C8: DV_Cắt_Vip | D8: 1054 | E8: =B8&D8 | F8: Combo 3 - First Class 3 | G8: 309000
B9: 10 TP | C9: DV_Cắt_Vip | D9: 1055 | E9: =B9&D9 | F9: Combo 4- First Class 4 | G9: 409000
B10: 10 TP | C10: DV_Cắt_Vip | D10: 1046 | E10: =B10&D10 | F10: Shinecombo 2 | G10: 199000
B11: 103 TN | C11: DV_Cắt | D11: 513 | E11: =B11&D11 | F11: [DV] ShineCombo 10 bước Ultra Care 2023 | G11: 122000
B12: 103 TN | C12: DV_Cắt | D12: 1070 | E12: =B12&D12 | F12: Combo Cắt gội Kid | G12: 100000
B13: 103 TN | C13: DV_Cắt | D13: 891 | E13: =B13&D13 | F13: Cắt xả tạo kiểu | G13: 95000
... B567: TG 25/4 QN | C567: DV_Cắt_Vip | D567: 1046 | E567: =B567&D567 | F567: Shinecombo 2 | G567: 199000
A568: 2 | B568: =VLOOKUP(A568,'Cắt Gội'!$A:$C,3,0) | D568: 1058 | E568: =B568&D568 | F568: Gội Combo 2 | G568: 159000
A569: 2 | B569: =VLOOKUP(A569,'Cắt Gội'!$A:$C,3,0) | D569: 1059 | E569: =B569&D569 | F569: Gội Combo 3 - Chăm da | G569: 219000
A570: 2 | B570: =VLOOKUP(A570,'Cắt Gội'!$A:$C,3,0) | D570: 1059 | E570: =B570&D570 | F570: Gội Combo 3 - Chăm da | G570: 239000
A571: 2 | B571: =VLOOKUP(A571,'Cắt Gội'!$A:$C,3,0) | D571: 1060 | E571: =B571&D571 | F571: Gội Combo 4 | G571: 289000
A572: 2 | B572: =VLOOKUP(A572,'Cắt Gội'!$A:$C,3,0) | D572: 1060 | E572: =B572&D572 | F572: Gội Combo 4 | G572: 319000
A573: 2 | B573: =VLOOKUP(A573,'Cắt Gội'!$A:$C,3,0) | D573: 867 | E573: =B573&D573 | F573: Gội dưỡng sinh cổ vai gáy | G573: 95000
A574: 2 | B574: =VLOOKUP(A574,'Cắt Gội'!$A:$C,3,0) | D574: 867 | E574: =B574&D574 | F574: Gội dưỡng sinh cổ vai gáy | G574: 99000
A575: 2 | B575: =VLOOKUP(A575,'Cắt Gội'!$A:$C,3,0) | D575: 1066 | E575: =B575&D575 | F575: Gội trải nghiệm 75p | G575: 589000
A576: 2 | B576: =VLOOKUP(A576,'Cắt Gội'!$A:$C,3,0) | D576: 1067 | E576: =B576&D576 | F576: Gội trải nghiệm 90p | G576: 789000
A577: 2 | B577: =VLOOKUP(A577,'Cắt Gội'!$A:$C,3,0) | D577: 940 | E577: =B577&D577 | F577: [NEW] Gội dưỡng sinh | G577: 59000
A578: 11 | B578: =VLOOKUP(A578,'Cắt Gội'!$A:$C,3,0) | D578: 1058 | E578: =B578&D578 | F578: Gội Combo 2 | G578: 159000
A579: 11 | B579: =VLOOKUP(A579,'Cắt Gội'!$A:$C,3,0) | D579: 1059 | E579: =B579&D579 | F579: Gội Combo 3 - Chăm da | G579: 219000
... A865: 147 | B865: =VLOOKUP(A865,'Cắt Gội'!$A:$C,3,0) | D865: 940 | E865: =B865&D865 | F865: [NEW] Gội dưỡng sinh | G865: 59000
A866: 179 | B866: 50BT4 NPC LD | D866: 1058 | E866: =B866&D866 | F866: Gội Combo 2 | G866: 159000
A867: 179 | B867: 50BT4 NPC LD | D867: 1059 | E867: =B867&D867 | F867: Gội Combo 3 - Chăm da | G867: 239000
A868: 179 | B868: 50BT4 NPC LD | D868: 1059 | E868: =B868&D868 | F868: Gội Combo 3 - Chăm da | G868: 219000
A869: 179 | B869: 50BT4 NPC LD | D869: 1060 | E869: =B869&D869 | F869: Gội Combo 4 | G869: 289000
A870: 179 | B870: 50BT4 NPC LD | D870: 1060 | E870: =B870&D870 | F870: Gội Combo 4 | G870: 319000
A871: 179 | B871: 50BT4 NPC LD | D871: 934 | E871: =B871&D871 | F871: Gội combo 3 - Dưỡng sinh | G871: 229000
A872: 179 | B872: 50BT4 NPC LD | D872: 867 | E872: =B872&D872 | F872: Gội dưỡng sinh cổ vai gáy | G872: 99000
A873: 179 | B873: 50BT4 NPC LD | D873: 867 | E873: =B873&D873 | F873: Gội dưỡng sinh cổ vai gáy | G873: 95000
A874: 179 | B874: 50BT4 NPC LD | D874: 1066 | E874: =B874&D874 | F874: Gội trải nghiệm 75p | G874: 589000
A875: 179 | B875: 50BT4 NPC LD | D875: 1067 | E875: =B875&D875 | F875: Gội trải nghiệm 90p | G875: 789000
A876: 179 | B876: 50BT4 NPC LD | D876: 940 | E876: =B876&D876 | F876: [NEW] Gội dưỡng sinh | G876: 59000
A877: 182 | B877: =VLOOKUP(A877,'Cắt Gội'!$A:$C,3,0) | D877: 1058 | E877: =B877&D877 | F877: Gội Combo 2 | G877: 159000
A878: 182 | B878: =VLOOKUP(A878,'Cắt Gội'!$A:$C,3,0) | D878: 1059 | E878: =B878&D878 | F878: Gội Combo 3 - Chăm da | G878: 239000
A879: 182 | B879: =VLOOKUP(A879,'Cắt Gội'!$A:$C,3,0) | D879: 1059 | E879: =B879&D879 | F879: Gội Combo 3 - Chăm da | G879: 219000
A880: 182 | B880: =VLOOKUP(A880,'Cắt Gội'!$A:$C,3,0) | D880: 1060 | E880: =B880&D880 | F880: Gội Combo 4 | G880: 289000
A881: 182 | B881: =VLOOKUP(A881,'Cắt Gội'!$A:$C,3,0) | D881: 1060 | E881: =B881&D881 | F881: Gội Combo 4 | G881: 319000
A882: 182 | B882: =VLOOKUP(A882,'Cắt Gội'!$A:$C,3,0) | D882: 934 | E882: =B882&D882 | F882: Gội combo 3 - Dưỡng sinh | G882: 229000
A883: 182 | B883: =VLOOKUP(A883,'Cắt Gội'!$A:$C,3,0) | D883: 867 | E883: =B883&D883 | F883: Gội dưỡng sinh cổ vai gáy | G883: 95000
A884: 182 | B884: =VLOOKUP(A884,'Cắt Gội'!$A:$C,3,0) | D884: 867 | E884: =B884&D884 | F884: Gội dưỡng sinh cổ vai gáy | G884: 99000
A885: 182 | B885: =VLOOKUP(A885,'Cắt Gội'!$A:$C,3,0) | D885: 1068 | E885: =B885&D885 | F885: Gội trải nghiệm 115p | G885: 999000
A886: 182 | B886: =VLOOKUP(A886,'Cắt Gội'!$A:$C,3,0) | D886: 1066 | E886: =B886&D886 | F886: Gội trải nghiệm 75p | G886: 589000
A887: 182 | B887: =VLOOKUP(A887,'Cắt Gội'!$A:$C,3,0) | D887: 1067 | E887: =B887&D887 | F887: Gội trải nghiệm 90p | G887: 789000
A888: 182 | B888: =VLOOKUP(A888,'Cắt Gội'!$A:$C,3,0) | D888: 940 | E888: =B888&D888 | F888: [NEW] Gội dưỡng sinh | G888: 50000
... A895: 184 | B895: =VLOOKUP(A895,'Cắt Gội'!$A:$C,3,0) | D895: 940 | E895: =B895&D895 | F895: [NEW] Gội dưỡng sinh | G895: 59000
A896: 187 | B896: 116 TK | D896: 1058 | E896: =B896&D896 | F896: Gội Combo 2 | G896: 159000
A897: 187 | B897: 116 TK | D897: 1059 | E897: =B897&D897 | F897: Gội Combo 3 - Chăm da | G897: 239000
A898: 187 | B898: 116 TK | D898: 1059 | E898: =B898&D898 | F898: Gội Combo 3 - Chăm da | G898: 219000
A899: 187 | B899: 116 TK | D899: 1060 | E899: =B899&D899 | F899: Gội Combo 4 | G899: 319000
A900: 187 | B900: 116 TK | D900: 1060 | E900: =B900&D900 | F900: Gội Combo 4 | G900: 289000
A901: 187 | B901: 116 TK | D901: 867 | E901: =B901&D901 | F901: Gội dưỡng sinh cổ vai gáy | G901: 95000
A902: 187 | B902: 116 TK | D902: 867 | E902: =B902&D902 | F902: Gội dưỡng sinh cổ vai gáy | G902: 99000
A903: 187 | B903: 116 TK | D903: 1068 | E903: =B903&D903 | F903: Gội trải nghiệm 115p | G903: 999000
A904: 187 | B904: 116 TK | D904: 1069 | E904: =B904&D904 | F904: Gội trải nghiệm 140p | G904: 1199000
A905: 187 | B905: 116 TK | D905: 1066 | E905: =B905&D905 | F905: Gội trải nghiệm 75p | G905: 589000
A906: 187 | B906: 116 TK | D906: 1067 | E906: =B906&D906 | F906: Gội trải nghiệm 90p | G906: 789000
A907: 187 | B907: 116 TK | D907: 940 | E907: =B907&D907 | F907: [NEW] Gội dưỡng sinh | G907: 59000
A908: 188 | B908: =VLOOKUP(A908,'Cắt Gội'!$A:$C,3,0) | D908: 1058 | E908: =B908&D908 | F908: Gội Combo 2 | G908: 159000
A909: 188 | B909: =VLOOKUP(A909,'Cắt Gội'!$A:$C,3,0) | D909: 1059 | E909: =B909&D909 | F909: Gội Combo 3 - Chăm da | G909: 219000
A910: 188 | B910: =VLOOKUP(A910,'Cắt Gội'!$A:$C,3,0) | D910: 1059 | E910: =B910&D910 | F910: Gội Combo 3 - Chăm da | G910: 239000
A911: 188 | B911: =VLOOKUP(A911,'Cắt Gội'!$A:$C,3,0) | D911: 1060 | E911: =B911&D911 | F911: Gội Combo 4 | G911: 319000
A912: 188 | B912: =VLOOKUP(A912,'Cắt Gội'!$A:$C,3,0) | D912: 1060 | E912: =B912&D912 | F912: Gội Combo 4 | G912: 289000
A913: 188 | B913: =VLOOKUP(A913,'Cắt Gội'!$A:$C,3,0) | D913: 934 | E913: =B913&D913 | F913: Gội combo 3 - Dưỡng sinh | G913: 229000
A914: 188 | B914: =VLOOKUP(A914,'Cắt Gội'!$A:$C,3,0) | D914: 932 | E914: =B914&D914 | F914: Gội combo 5 dưỡng sinh | G914: 399000
A915: 188 | B915: =VLOOKUP(A915,'Cắt Gội'!$A:$C,3,0) | D915: 867 | E915: =B915&D915 | F915: Gội dưỡng sinh cổ vai gáy | G915: 95000
A916: 188 | B916: =VLOOKUP(A916,'Cắt Gội'!$A:$C,3,0) | D916: 867 | E916: =B916&D916 | F916: Gội dưỡng sinh cổ vai gáy | G916: 100000
A917: 188 | B917: =VLOOKUP(A917,'Cắt Gội'!$A:$C,3,0) | D917: 940 | E917: =B917&D917 | F917: [NEW] Gội dưỡng sinh | G917: 59000
A918: 188 | B918: =VLOOKUP(A918,'Cắt Gội'!$A:$C,3,0) | D918: 940 | E918: =B918&D918 | F918: [NEW] Gội dưỡng sinh | G918: 50000
A919: 192 | B919: =VLOOKUP(A919,'Cắt Gội'!$A:$C,3,0) | D919: 1058 | E919: =B919&D919 | F919: Gội Combo 2 | G919: 159000
... A985: 199 | B985: =VLOOKUP(A985,'Cắt Gội'!$A:$C,3,0) | D985: 940 | E985: =B985&D985 | F985: [NEW] Gội dưỡng sinh | G985: 59000
A986: 200 | B986: 39 HBT | D986: 1058 | E986: =B986&D986 | F986: Gội Combo 2 | G986: 159000
A987: 200 | B987: 39 HBT | D987: 1059 | E987: =B987&D987 | F987: Gội Combo 3 - Chăm da | G987: 219000
A988: 200 | B988: 39 HBT | D988: 1059 | E988: =B988&D988 | F988: Gội Combo 3 - Chăm da | G988: 239000
A989: 200 | B989: 39 HBT | D989: 1060 | E989: =B989&D989 | F989: Gội Combo 4 | G989: 289000
A990: 200 | B990: 39 HBT | D990: 1060 | E990: =B990&D990 | F990: Gội Combo 4 | G990: 319000
A991: 200 | B991: 39 HBT | D991: 867 | E991: =B991&D991 | F991: Gội dưỡng sinh cổ vai gáy | G991: 95000
A992: 200 | B992: 39 HBT | D992: 867 | E992: =B992&D992 | F992: Gội dưỡng sinh cổ vai gáy | G992: 99000
A993: 200 | B993: 39 HBT | D993: 1068 | E993: =B993&D993 | F993: Gội trải nghiệm 115p | G993: 999000
A994: 200 | B994: 39 HBT | D994: 1069 | E994: =B994&D994 | F994: Gội trải nghiệm 140p | G994: 1199000
A995: 200 | B995: 39 HBT | D995: 1066 | E995: =B995&D995 | F995: Gội trải nghiệm 75p | G995: 589000
A996: 200 | B996: 39 HBT | D996: 1067 | E996: =B996&D996 | F996: Gội trải nghiệm 90p | G996: 789000
A997: 200 | B997: 39 HBT | D997: 940 | E997: =B997&D997 | F997: [NEW] Gội dưỡng sinh | G997: 59000
... A1004: 201 | B1004: 4 LQD BN | D1004: 940 | E1004: =B1004&D1004 | F1004: [NEW] Gội dưỡng sinh | G1004: 59000
A1005: 204 | B1005: =VLOOKUP(A1005,'Cắt Gội'!$A:$C,3,0) | D1005: 1058 | E1005: =B1005&D1005 | F1005: Gội Combo 2 | G1005: 159000
A1006: 204 | B1006: =VLOOKUP(A1006,'Cắt Gội'!$A:$C,3,0) | D1006: 1059 | E1006: =B1006&D1006 | F1006: Gội Combo 3 - Chăm da | G1006: 239000
A1007: 204 | B1007: =VLOOKUP(A1007,'Cắt Gội'!$A:$C,3,0) | D1007: 1060 | E1007: =B1007&D1007 | F1007: Gội Combo 4 | G1007: 289000
A1008: 204 | B1008: =VLOOKUP(A1008,'Cắt Gội'!$A:$C,3,0) | D1008: 1060 | E1008: =B1008&D1008 | F1008: Gội Combo 4 | G1008: 319000
A1009: 204 | B1009: =VLOOKUP(A1009,'Cắt Gội'!$A:$C,3,0) | D1009: 934 | E1009: =B1009&D1009 | F1009: Gội combo 3 - Dưỡng sinh | G1009: 229000
A1010: 204 | B1010: =VLOOKUP(A1010,'Cắt Gội'!$A:$C,3,0) | D1010: 867 | E1010: =B1010&D1010 | F1010: Gội dưỡng sinh cổ vai gáy | G1010: 99000
A1011: 204 | B1011: =VLOOKUP(A1011,'Cắt Gội'!$A:$C,3,0) | D1011: 867 | E1011: =B1011&D1011 | F1011: Gội dưỡng sinh cổ vai gáy | G1011: 95000
A1012: 204 | B1012: =VLOOKUP(A1012,'Cắt Gội'!$A:$C,3,0) | D1012: 940 | E1012: =B1012&D1012 | F1012: [NEW] Gội dưỡng sinh | G1012: 59000
A1013: 204 | B1013: =VLOOKUP(A1013,'Cắt Gội'!$A:$C,3,0) | D1013: 940 | E1013: =B1013&D1013 | F1013: [NEW] Gội dưỡng sinh | G1013: 50000
A1014: 205 | B1014: =VLOOKUP(A1014,'Cắt Gội'!$A:$C,3,0) | D1014: 1058 | E1014: =B1014&D1014 | F1014: Gội Combo 2 | G1014: 159000
A1015: 205 | B1015: =VLOOKUP(A1015,'Cắt Gội'!$A:$C,3,0) | D1015: 1059 | E1015: =B1015&D1015 | F1015: Gội Combo 3 - Chăm da | G1015: 219000
...

Sheet Thay đổi DT Cắt - SC - Gội Opti
A1: Option chỉ tăng SC - Cắt | G1: Kịch bản điều chỉnh | H1: ID Salon | I1: Salon | J1: Giá hiện tại | K1: ID DV | L1: Tên dịch vụ | M1: % tăng DV Cắt xả | N1: Giá cũ (đ) | O1: Giá mới (đ) | P1: Chênh lệch giá (đ)
A2: Nhóm DV | B2: DT tăng thêm 11 ngày T3 (1-11/3) | C2: Ước tính tháng 3 | D2: Ước tính số DT tăng từ 13-31 tháng 3 | E2: AOV tăng = DT tăng/Số khách | G2: Giá tăng theo % tăng DV Cắt xả | H2: 143 | I2: 10 TP | J2: DV_Cắt | K2: 513 | L2: =K2-J2 -> [DV] ShineCombo 10 bước Ultra Care 2023 | M2: 0.010638298 | N2: 122000 | O2: 122000
A3: DT tăng thêm | B3: =SUM(B4:B5) | C3: =SUM(C4:C5) | D3: =C3-B3 | E3: =B3/39301 | G3: Giá mới = Giá cũ × (1 + % tăng DV Cắt xả) | H3: 143 | I3: 10 TP | J3: DV_Cắt | K3: 891 | L3: =K3-J3 -> Cắt xả tạo kiểu | M3: 0.010638298 | N3: 94000 | O3: 95000 | P3: 1000
A4: DV_Cắt | B4: 23230000 | C4: 63354545 | D4: =C4-B4 | E4: =B4/39301 | H4: 143 | I4: 10 TP | J4: DV_Cắt | K4: 1002 | L4: =K4-J4 -> Kid Cắt | M4: 0.010638298 | N4: 75000 | O4: 76000 | P4: 1000
A5: DV_Cắt_Vip | B5: 88719000 | C5: 241960909 | D5: =C5-B5 | E5: =B5/39301 | H5: 143 | I5: 10 TP | J5: DV_Cắt | K5: 1052 | L5: =K5-J5 -> Combo 1 - First Class 1 | M5: 0.010638298 | N5: 139000 | O5: 139000
H6: 143 | I6: 10 TP | J6: DV_Cắt | K6: 1070 | L6: =K6-J6 -> Combo Cắt gội Kid | M6: 0.010638298 | N6: 100000 | O6: 101000 | P6: 1000
A7: Option tăng Cắt SC + các gói gội | H7: 143 | I7: 10 TP | J7: DV_Cắt_Vip | K7: 1046 | L7: =K7-J7 -> Shinecombo 2 | M7: 0.010638298 | N7: 199000 | O7: 201000 | P7: 2000
A8: Nhóm DV | B8: DT tăng thêm 11 ngày T3 (1-11/3) | C8: Ước tính tháng 3 | D8: Ước tính số DT tăng từ 13-31 tháng 3 | E8: AOV tăng = DT tăng/Số khách | H8: 143 | I8: 10 TP | J8: DV_Cắt_Vip | K8: 1047 | L8: =K8-J8 -> Cắt Gội Combo 3 - Chăm da | M8: 0.010638298 | N8: 299000 | O8: 302000 | P8: 3000
A9: Tổng DT tăng thêm | B9: =SUM(B10:B12) | C9: =SUM(C10:C12) | D9: =C9-B9 | E9: =B9/39301 | H9: 143 | I9: 10 TP | J9: DV_Cắt_Vip | K9: 1048 | L9: =K9-J9 -> Combo 4 | M9: 0.010638298 | N9: 389000 | O9: 393000 | P9: 4000
A10: DV_Cắt | B10: 23230000 | C10: 63354545 | D10: =C10-B10 | E10: =B10/39301 | H10: 143 | I10: 10 TP | J10: DV_Cắt_Vip | K10: 1053 | L10: =K10-J10 -> Combo 2 - First Class 2 | M10: 0.010638298 | N10: 239000 | O10: 242000 | P10: 3000
A11: DV_Cắt_Vip | B11: 88719000 | C11: 241960909 | D11: =C11-B11 | E11: =B11/39301 | H11: 143 | I11: 10 TP | J11: DV_Cắt_Vip | K11: 1054 | L11: =K11-J11 -> Combo 3 - First Class 3 | M11: 0.010638298 | N11: 309000 | O11: 312000 | P11: 3000
A12: DV Gội | B12: 37956500 | C12: 103517727 | D12: =C12-B12 | E12: =B12/39301 | H12: 143 | I12: 10 TP | J12: DV_Cắt_Vip | K12: 1055 | L12: =K12-J12 -> Combo 4- First Class 4 | M12: 0.010638298 | N12: 409000 | O12: 413000 | P12: 4000
H13: 143 | I13: 10 TP | J13: DV_Cắt_Vip | K13: 1064 | L13: =K13-J13 -> Cắt Gội Combo 5 - Dưỡng sinh | M13: 0.010638298 | N13: 459000 | O13: 464000 | P13: 5000
A14: TRIẾT LÝ CỐT LÕI | H14: 143 | I14: 10 TP | J14: DV_Cắt_Vip | K14: 1065 | L14: =K14-J14 -> Cắt Gội Combo 3 - Dưỡng sinh | M14: 0.010638298 | N14: 299000 | O14: 302000 | P14: 3000
A15: Tầng 1: WTP → Xác định KHUNG GIÁ [Sàn L ; Trần H] | H15: 143 | I15: 10 TP | J15: DV_Gội | K15: 867 | L15: =K15-J15 -> Gội dưỡng sinh cổ vai gáy | M15: 0.010638298 | N15: 99000 | O15: 100000 | P15: 1000
A16: Tầng 2: CPI × EPI → Xác định VỊ TRÍ trong khung WTP | H16: 143 | I16: 10 TP | J16: DV_Gội | K16: 930 | L16: =K16-J16 -> [NEW] Gội dưỡng sinh cổ vai gáy và chăm sóc da | M16: 0.010638298 | N16: 139000 | O16: 140000 | P16: 1000
A17: Công thức: P_min = L + α_low × (H-L), P_max = L + α_high × (H-L) | H17: 143 | I17: 10 TP | J17: DV_Gội | K17: 934 | L17: =K17-J17 -> Gội combo 3 - Dưỡng sinh | M17: 0.010638298 | N17: 229000 | O17: 231000 | P17: 2000
H18: 143 | I18: 10 TP | J18: DV_Gội | K18: 940 | L18: =K18-J18 -> [NEW] Gội dưỡng sinh | M18: 0.010638298 | N18: 59000 | O18: 60000 | P18: 1000
A19: MA TRẬN CPI × EPI → HỆ SỐ α | H19: 143 | I19: 10 TP | J19: DV_Gội | K19: 1058 | L19: =K19-J19 -> Gội Combo 2 | M19: 0.010638298 | N19: 159000 | O19: 161000 | P19: 2000
A20: CPI \ EPI | B20: EPI Thấp | C20: EPI Trung | D20: EPI Trung | H20: 143 | I20: 10 TP | J20: DV_Gội | K20: 1059 | L20: =K20-J20 -> Gội Combo 3 - Chăm da | M20: 0.010638298 | N20: 239000 | O20: 242000 | P20: 3000
A21: CPI Cao | B21: [0.15 ; 0.35] | C21: [0.25 ; 0.45] | D21: [0.25 ; 0.45] | H21: 143 | I21: 10 TP | J21: DV_Gội | K21: 1060 | L21: =K21-J21 -> Gội Combo 4 | M21: 0.010638298 | N21: 329000 | O21: 332000 | P21: 3000
A22: CPI Trung | B22: [0.25 ; 0.50] | C22: [0.40 ; 0.65] | D22: [0.40 ; 0.65] | H22: 143 | I22: 10 TP | J22: DV_Gội | K22: 1066 | L22: =K22-J22 -> Gội trải nghiệm 75p | M22: 0.010638298 | N22: 589000 | O22: 595000 | P22: 6000
A23: CPI Thấp | B23: [0.40 ; 0.65] | C23: [0.55 ; 0.85] | D23: [0.55 ; 0.85] | H23: 143 | I23: 10 TP | J23: DV_Gội | K23: 1067 | L23: =K23-J23 -> Gội trải nghiệm 90p | M23: 0.010638298 | N23: 789000 | O23: 797000 | P23: 8000
H24: 143 | I24: 10 TP | J24: DV_Gội | K24: 1068 | L24: =K24-J24 -> Gội trải nghiệm 115p | M24: 0.010638298 | N24: 999000 | O24: 1010000 | P24: 11000
A25: 4 KỊCH BẢN VẬN HÀNH | H25: 143 | I25: 10 TP | J25: DV_Spa | K25: 936 | L25: =K25-J25 -> [NEW] Chăm sóc da Shine Spa 199k (có phân tích da) | M25: 0.010638298 | N25: 199000 | O25: 201000 | P25: 2000
A26: KB1: Hút Traffic | B26: =P_min | C26: Thu hút khách mới | D26: Thu hút khách mới | H26: 143 | I26: 10 TP | J26: DV_Spa | K26: 938 | L26: =K26-J26 -> [NEW] Lấy mụn & chăm sóc da CNC Light Smooth (có phân tích da) | M26: 0.010638298 | N26: 359000 | O26: 363000 | P26: 4000
A27: KB2: Tăng AOV | B27: =P_max | C27: Tăng doanh thu/margin | D27: Tăng doanh thu/margin | H27: 44 | I27: 103 TN | J27: DV_Cắt | K27: 513 | L27: =K27-J27 -> [DV] ShineCombo 10 bước Ultra Care 2023 | M27: 0.042105263 | N27: 122000 | O27: 122000
A28: KB3: Cân Bằng | B28: =(P_min + P_max) / 2 | C28: Cân bằng lượng và giá | D28: Cân bằng lượng và giá | H28: 44 | I28: 103 TN | J28: DV_Cắt | K28: 891 | L28: =K28-J28 -> Cắt xả tạo kiểu | M28: 0.042105263 | N28: 95000 | O28: 99000 | P28: 4000
A29: KB4: Giảm Quá Tải | B29: = P_min + 0.85 × (P_max - P_min) | C29: Điều tiết khi quá đông | D29: Điều tiết khi quá đông | H29: 44 | I29: 103 TN | J29: DV_Cắt | K29: 1002 | L29: =K29-J29 -> Kid Cắt | M29: 0.042105263 | N29: 76000 | O29: 79000 | P29: 3000
H30: 44 | I30: 103 TN | J30: DV_Cắt | K30: 1052 | L30: =K30-J30 -> Combo 1 - First Class 1 | M30: 0.042105263 | N30: 139000 | O30: 139000
H31: 44 | I31: 103 TN | J31: DV_Cắt | K31: 1070 | L31: =K31-J31 -> Combo Cắt gội Kid | M31: 0.042105263 | N31: 100000 | O31: 104000 | P31: 4000
H32: 44 | I32: 103 TN | J32: DV_Cắt_Vip | K32: 1046 | L32: =K32-J32 -> Shinecombo 2 | M32: 0.042105263 | N32: 200000 | O32: 208000 | P32: 8000
H33: 44 | I33: 103 TN | J33: DV_Cắt_Vip | K33: 1047 | L33: =K33-J33 -> Cắt Gội Combo 3 - Chăm da | M33: 0.042105263 | N33: 300000 | O33: 313000 | P33: 13000
H34: 44 | I34: 103 TN | J34: DV_Cắt_Vip | K34: 1048 | L34: =K34-J34 -> Combo 4 | M34: 0.042105263 | N34: 390000 | O34: 406000 | P34: 16000
H35: 44 | I35: 103 TN | J35: DV_Cắt_Vip | K35: 1053 | L35: =K35-J35 -> Combo 2 - First Class 2 | M35: 0.042105263 | N35: 240000 | O35: 250000 | P35: 10000
H36: 44 | I36: 103 TN | J36: DV_Cắt_Vip | K36: 1054 | L36: =K36-J36 -> Combo 3 - First Class 3 | M36: 0.042105263 | N36: 310000 | O36: 323000 | P36: 13000
H37: 44 | I37: 103 TN | J37: DV_Cắt_Vip | K37: 1055 | L37: =K37-J37 -> Combo 4- First Class 4 | M37: 0.042105263 | N37: 410000 | O37: 427000 | P37: 17000
H38: 44 | I38: 103 TN | J38: DV_Cắt_Vip | K38: 1064 | L38: =K38-J38 -> Cắt Gội Combo 5 - Dưỡng sinh | M38: 0.042105263 | N38: 459000 | O38: 478000 | P38: 19000
H39: 44 | I39: 103 TN | J39: DV_Cắt_Vip | K39: 1065 | L39: =K39-J39 -> Cắt Gội Combo 3 - Dưỡng sinh | M39: 0.042105263 | N39: 300000 | O39: 313000 | P39: 13000
H40: 44 | I40: 103 TN | J40: DV_Gội | K40: 867 | L40: =K40-J40 -> Gội dưỡng sinh cổ vai gáy | M40: 0.042105263 | N40: 99000 | O40: 103000 | P40: 4000
H41: 44 | I41: 103 TN | J41: DV_Gội | K41: 930 | L41: =K41-J41 -> [NEW] Gội dưỡng sinh cổ vai gáy và chăm sóc da | M41: 0.042105263 | N41: 139000 | O41: 145000 | P41: 6000
H42: 44 | I42: 103 TN | J42: DV_Gội | K42: 934 | L42: =K42-J42 -> Gội combo 3 - Dưỡng sinh | M42: 0.042105263 | N42: 229000 | O42: 239000 | P42: 10000
... H50: 44 | I50: 103 TN | J50: DV_Spa | K50: 936 | L50: =K50-J50 -> [NEW] Chăm sóc da Shine Spa 199k (có phân tích da) | M50: 0.042105263 | N50: 199000 | O50: 207000 | P50: 8000
H51: 146 | I51: 109 TQH | J51: DV_Cắt | K51: 513 | L51: =K51-J51 -> [DV] ShineCombo 10 bước Ultra Care 2023 | M51: 0.042553191 | N51: 122000 | O51: 122000
H52: 146 | I52: 109 TQH | J52: DV_Cắt | K52: 891 | L52: =K52-J52 -> Cắt xả tạo kiểu | M52: 0.042553191 | N52: 94000 | O52: 98000 | P52: 4000
H53: 146 | I53: 109 TQH | J53: DV_Cắt | K53: 1002 | L53: =K53-J53 -> Kid Cắt | M53: 0.042553191 | N53: 75000 | O53: 78000 | P53: 3000
H54: 146 | I54: 109 TQH | J54: DV_Cắt | K54: 1070 | L54: =K54-J54 -> Combo Cắt gội Kid | M54: 0.042553191 | N54: 100000 | O54: 104000 | P54: 4000
H55: 146 | I55: 109 TQH | J55: DV_Cắt_Vip | K55: 1046 | L55: =K55-J55 -> Shinecombo 2 | M55: 0.042553191 | N55: 199000 | O55: 207000 | P55: 8000
H56: 146 | I56: 109 TQH | J56: DV_Cắt_Vip | K56: 1047 | L56: =K56-J56 -> Cắt Gội Combo 3 - Chăm da | M56: 0.042553191 | N56: 299000 | O56: 312000 | P56: 13000
H57: 146 | I57: 109 TQH | J57: DV_Cắt_Vip | K57: 1048 | L57: =K57-J57 -> Combo 4 | M57: 0.042553191 | N57: 389000 | O57: 406000 | P57: 17000
H58: 146 | I58: 109 TQH | J58: DV_Cắt_Vip | K58: 1064 | L58: =K58-J58 -> Cắt Gội Combo 5 - Dưỡng sinh | M58: 0.042553191 | N58: 459000 | O58: 479000 | P58: 20000
H59: 146 | I59: 109 TQH | J59: DV_Cắt_Vip | K59: 1065 | L59: =K59-J59 -> Cắt Gội Combo 3 - Dưỡng sinh | M59: 0.042553191 | N59: 299000 | O59: 312000 | P59: 13000
H60: 146 | I60: 109 TQH | J60: DV_Gội | K60: 867 | L60: =K60-J60 -> Gội dưỡng sinh cổ vai gáy | M60: 0.042553191 | N60: 99000 | O60: 103000 | P60: 4000
H61: 146 | I61: 109 TQH | J61: DV_Gội | K61: 930 | L61: =K61-J61 -> [NEW] Gội dưỡng sinh cổ vai gáy và chăm sóc da | M61: 0.042553191 | N61: 139000 | O61: 145000 | P61: 6000
H62: 146 | I62: 109 TQH | J62: DV_Gội | K62: 931 | L62: =K62-J62 -> [NEW] Gội dưỡng sinh đá nóng - Paradise dưỡng sinh đá nóng | M62: 0.042553191 | N62: 259000 | O62: 270000 | P62: 11000
H63: 146 | I63: 109 TQH | J63: DV_Gội | K63: 934 | L63: =K63-J63 -> Gội combo 3 - Dưỡng sinh | M63: 0.042553191 | N63: 229000 | O63: 239000 | P63: 10000
... H72: 146 | I72: 109 TQH | J72: DV_Spa | K72: 936 | L72: =K72-J72 -> [NEW] Chăm sóc da Shine Spa 199k (có phân tích da) | M72: 0.042553191 | N72: 199000 | O72: 207000 | P72: 8000
H73: 244 | I73: 11 PKT | J73: DV_Cắt | K73: 513 | L73: =K73-J73 -> [DV] ShineCombo 10 bước Ultra Care 2023 | M73: 0.04 | N73: 122000 | O73: 122000
H74: 244 | I74: 11 PKT | J74: DV_Cắt | K74: 891 | L74: =K74-J74 -> Cắt xả tạo kiểu | M74: 0.04 | N74: 100000 | O74: 104000 | P74: 4000
H75: 244 | I75: 11 PKT | J75: DV_Cắt | K75: 1002 | L75: =K75-J75 -> Kid Cắt | M75: 0.04 | N75: 81000 | O75: 84000 | P75: 3000
H76: 244 | I76: 11 PKT | J76: DV_Cắt | K76: 1070 | L76: =K76-J76 -> Combo Cắt gội Kid | M76: 0.04 | N76: 100000 | O76: 104000 | P76: 4000
H77: 244 | I77: 11 PKT | J77: DV_Cắt_Vip | K77: 1046 | L77: =K77-J77 -> Shinecombo 2 | M77: 0.04 | N77: 205000 | O77: 213000 | P77: 8000
H78: 244 | I78: 11 PKT | J78: DV_Cắt_Vip | K78: 1047 | L78: =K78-J78 -> Cắt Gội Combo 3 - Chăm da | M78: 0.04 | N78: 305000 | O78: 317000 | P78: 12000
H79: 244 | I79: 11 PKT | J79: DV_Cắt_Vip | K79: 1048 | L79: =K79-J79 -> Combo 4 | M79: 0.04 | N79: 395000 | O79: 411000 | P79: 16000
H80: 244 | I80: 11 PKT | J80: DV_Cắt_Vip | K80: 1064 | L80: =K80-J80 -> Cắt Gội Combo 5 - Dưỡng sinh | M80: 0.04 | N80: 459000 | O80: 477000 | P80: 18000
H81: 244 | I81: 11 PKT | J81: DV_Cắt_Vip | K81: 1065 | L81: =K81-J81 -> Cắt Gội Combo 3 - Dưỡng sinh | M81: 0.04 | N81: 305000 | O81: 317000 | P81: 12000
H82: 244 | I82: 11 PKT | J82: DV_Gội | K82: 867 | L82: =K82-J82 -> Gội dưỡng sinh cổ vai gáy | M82: 0.04 | N82: 99000 | O82: 103000 | P82: 4000
H83: 244 | I83: 11 PKT | J83: DV_Gội | K83: 930 | L83: =K83-J83 -> [NEW] Gội dưỡng sinh cổ vai gáy và chăm sóc da | M83: 0.04 | N83: 139000 | O83: 145000 | P83: 6000
H84: 244 | I84: 11 PKT | J84: DV_Gội | K84: 934 | L84: =K84-J84 -> Gội combo 3 - Dưỡng sinh | M84: 0.04 | N84: 229000 | O84: 238000 | P84: 9000
H85: 244 | I85: 11 PKT | J85: DV_Gội | K85: 940 | L85: =K85-J85 -> [NEW] Gội dưỡng sinh | M85: 0.04 | N85: 59000 | O85: 61000 | P85: 2000
... H93: 244 | I93: 11 PKT | J93: DV_Spa | K93: 936 | L93: =K93-J93 -> [NEW] Chăm sóc da Shine Spa 199k (có phân tích da) | M93: 0.04 | N93: 199000 | O93: 207000 | P93: 8000
H94: 72 | I94: 113 THD AG | J94: DV_Cắt | K94: 513 | L94: =K94-J94 -> [DV] ShineCombo 10 bước Ultra Care 2023 | M94: 0 | N94: 122000 | O94: 122000
H95: 72 | I95: 113 THD AG | J95: DV_Cắt | K95: 891 | L95: =K95-J95 -> Cắt xả tạo kiểu | M95: 0 | N95: 94000 | O95: 94000
H96: 72 | I96: 113 THD AG | J96: DV_Cắt | K96: 1002 | L96: =K96-J96 -> Kid Cắt | M96: 0 | N96: 75000 | O96: 75000
H97: 72 | I97: 113 THD AG | J97: DV_Cắt | K97: 1070 | L97: =K97-J97 -> Combo Cắt gội Kid | M97: 0 | N97: 100000 | O97: 100000
H98: 72 | I98: 113 THD AG | J98: DV_Cắt_Vip | K98: 1046 | L98: =K98-J98 -> Shinecombo 2 | M98: 0 | N98: 199000 | O98: 199000
H99: 72 | I99: 113 THD AG | J99: DV_Cắt_Vip | K99: 1047 | L99: =K99-J99 -> Cắt Gội Combo 3 - Chăm da | M99: 0 | N99: 299000 | O99: 299000
H100: 72 | I100: 113 THD AG | J100: DV_Cắt_Vip | K100: 1048 | L100: =K100-J100 -> Combo 4 | M100: 0 | N100: 389000 | O100: 389000
H101: 72 | I101: 113 THD AG | J101: DV_Cắt_Vip | K101: 1064 | L101: =K101-J101 -> Cắt Gội Combo 5 - Dưỡng sinh | M101: 0 | N101: 459000 | O101: 459000
H102: 72 | I102: 113 THD AG | J102: DV_Cắt_Vip | K102: 1065 | L102: =K102-J102 -> Cắt Gội Combo 3 - Dưỡng sinh | M102: 0 | N102: 299000 | O102: 299000
H103: 72 | I103: 113 THD AG | J103: DV_Cắt_Vip | K103: 1150 | L103: =K103-J103 -> Combo cắt gội đỉnh cao thư giãn vip | M103: 0 | N103: 600000 | O103: 600000
H104: 72 | I104: 113 THD AG | J104: DV_Gội | K104: 867 | L104: =K104-J104 -> Gội dưỡng sinh cổ vai gáy | M104: 0 | N104: 99000 | O104: 99000
H105: 72 | I105: 113 THD AG | J105: DV_Gội | K105: 930 | L105: =K105-J105 -> [NEW] Gội dưỡng sinh cổ vai gáy và chăm sóc da | M105: 0 | N105: 139000 | O105: 139000
... H159: 61 | I159: 1180 QT | J159: DV_Cắt | K159: 513 | L159: =K159-J159 -> [DV] ShineCombo 10 bước Ultra Care 2023 | M159: 0.038834951 | N159: 122000 | O159: 122000
H160: 61 | I160: 1180 QT | J160: DV_Cắt | K160: 891 | L160: =K160-J160 -> Cắt xả tạo kiểu | M160: 0.038834951 | N160: 103000 | O160: 107000 | P160: 4000
H161: 61 | I161: 1180 QT | J161: DV_Cắt | K161: 1002 | L161: =K161-J161 -> Kid Cắt | M161: 0.038834951 | N161: 84000 | O161: 87000 | P161: 3000
H162: 61 | I162: 1180 QT | J162: DV_Cắt | K162: 1052 | L162: =K162-J162 -> Combo 1 - First Class 1 | M162: 0.038834951 | N162: 139000 | O162: 139000
H163: 61 | I163: 1180 QT | J163: DV_Cắt | K163: 1070 | L163: =K163-J163 -> Combo Cắt gội Kid | M163: 0.038834951 | N163: 100000 | O163: 104000 | P163: 4000
H164: 61 | I164: 1180 QT | J164: DV_Cắt_Vip | K164: 1046 | L164: =K164-J164 -> Shinecombo 2 | M164: 0.038834951 | N164: 208000 | O164: 216000 | P164: 8000
H165: 61 | I165: 1180 QT | J165: DV_Cắt_Vip | K165: 1047 | L165: =K165-J165 -> Cắt Gội Combo 3 - Chăm da | M165: 0.038834951 | N165: 299000 | O165: 311000 | P165: 12000
H166: 61 | I166: 1180 QT | J166: DV_Cắt_Vip | K166: 1048 | L166: =K166-J166 -> Combo 4 | M166: 0.038834951 | N166: 398000 | O166: 413000 | P166: 15000
H167: 61 | I167: 1180 QT | J167: DV_Cắt_Vip | K167: 1053 | L167: =K167-J167 -> Combo 2 - First Class 2 | M167: 0.038834951 | N167: 248000 | O167: 258000 | P167: 10000
H168: 61 | I168: 1180 QT | J168: DV_Cắt_Vip | K168: 1054 | L168: =K168-J168 -> Combo 3 - First Class 3 | M168: 0.038834951 | N168: 318000 | O168: 330000 | P168: 12000
H169: 61 | I169: 1180 QT | J169: DV_Cắt_Vip | K169: 1055 | L169: =K169-J169 -> Combo 4- First Class 4 | M169: 0.038834951 | N169: 418000 | O169: 434000 | P169: 16000
H170: 61 | I170: 1180 QT | J170: DV_Cắt_Vip | K170: 1064 | L170: =K170-J170 -> Cắt Gội Combo 5 - Dưỡng sinh | M170: 0.038834951 | N170: 468000 | O170: 486000 | P170: 18000
H171: 61 | I171: 1180 QT | J171: DV_Cắt_Vip | K171: 1065 | L171: =K171-J171 -> Cắt Gội Combo 3 - Dưỡng sinh | M171: 0.038834951 | N171: 299000 | O171: 311000 | P171: 12000
H172: 61 | I172: 1180 QT | J172: DV_Gội | K172: 867 | L172: =K172-J172 -> Gội dưỡng sinh cổ vai gáy | M172: 0.038834951 | N172: 99000 | O172: 103000 | P172: 4000
H173: 61 | I173: 1180 QT | J173: DV_Gội | K173: 930 | L173: =K173-J173 -> [NEW] Gội dưỡng sinh cổ vai gáy và chăm sóc da | M173: 0.038834951 | N173: 139000 | O173: 144000 | P173: 5000
H174: 61 | I174: 1180 QT | J174: DV_Gội | K174: 934 | L174: =K174-J174 -> Gội combo 3 - Dưỡng sinh | M174: 0.038834951 | N174: 229000 | O174: 238000 | P174: 9000
... H183: 61 | I183: 1180 QT | J183: DV_Spa | K183: 936 | L183: =K183-J183 -> [NEW] Chăm sóc da Shine Spa 199k (có phân tích da) | M183: 0.038834951 | N183: 199000 | O183: 207000 | P183: 8000
...

Sheet Thay đổi DT Uốn
A1: DT thay đổi khi đề xuất giá Uốn mới | Q1: CR cần tăng để giữ AOV cho salon | Z1: =SUM(Z5:Z59) | AA1: =SUM(AA5:AA59)
A2: Chỉ số | B2: Thay đổi 11 ngày T3 | C2: Ước tính tháng 3 | D2: Ước tính số DT thay đổi từ 13-31 tháng 3 | E2: AOV giảm | G2: Salon | H2: Số gói (11 ngày T3) | I2: Giá hiện tại | J2: Giá mới | K2: Chênh lệch giá (đ/gói) | L2: DT hiện tại 11 ngày | M2: DT mới 11 ngày | N2: Thay đổi DT 11 ngày | O2: Thay đổi DT tháng | Q2: CHI TIẾT THEO SALON (sắp xếp: % CR cần tăng nhiều nhất → ít nhất)
A3: DT thay đổi | B3: -41973000 | C3: -114471000 | D3: =C3-B3 | E3: =-41973000/39301 | G3: 237 NTT | H3: 18 | I3: 396000 | J3: 237000 | K3: -159000 | L3: 6969600 | M3: 4107600 | N3: -2862000 | O3: -7805455 | Q3: Thông tin | S3: Dịch vụ & Giá | V3: Conversion Rate (CR) | Y3: Kết quả cần đạt
A4: → DV_Uốn | B4: -41973000 | C4: -114471000 | D4: =C4-B4 | E4: =-41973000/39301 | G4: 927 HG | H4: 14 | I4: 396000 | J4: 236000 | K4: -160000 | L4: 5425200 | M4: 3185200 | N4: -2240000 | O4: -6109091 | Q4: Salon | R4: Tổng khách (11 ngày) | S4: Số gói hiện tại | T4: Giá cũ (đ) | U4: Giá mới (đ) | V4: CR hiện tại (Cu) | W4: CR cần đạt (Mới) | X4: ∆ CR (pp) | Y4: % CR cần tăng trưởng | Z4: Số gói cần tăng thêm | AA4: Số gói cần đạt
G5: 99 TSN | H5: 13 | I5: 396000 | J5: 236000 | K5: -160000 | L5: 5112050 | M5: 3032050 | N5: -2080000 | O5: -5672727 | Q5: 113 THD AG | R5: 304 | S5: 4 | T5: 396000 | U5: 201000 | V5: 1,32% | W5: 2,59% | X5: 1,28% | Y5: 97,01% | Z5: 4 | AA5: 8
G6: 8 CVL | H6: 13 | I6: 396000 | J6: 239000 | K6: -157000 | L6: 5112050 | M6: 3071050 | N6: -2041000 | O6: -5566364 | Q6: 7 DTP LA | R6: 296 | S6: 4 | T6: 396000 | U6: 219000 | V6: 1,35% | W6: 2,44% | X6: 1,09% | Y6: 80,82% | Z6: 3 | AA6: 7
A7: TRIẾT LÝ CỐT LÕI | G7: 382 NT | H7: 14 | I7: 396000 | J7: 266000 | K7: -130000 | L7: 5472100 | M7: 3652100 | N7: -1820000 | O7: -4963636 | Q7: 363 LNQ TN | R7: 462 | S7: 2 | T7: 416000 | U7: 237000 | V7: 0,43% | W7: 0,76% | X7: 0,33% | Y7: 75,53% | Z7: 2 | AA7: 4
A8: Tầng 1: WTP → Xác định KHUNG GIÁ [Sàn L ; Trần H] | G8: 420 HTP | H8: 11 | I8: 396000 | J8: 253000 | K8: -143000 | L8: 4318980 | M8: 2745980 | N8: -1573000 | O8: -4290000 | Q8: 190 HB | R8: 559 | S8: 4 | T8: 396000 | U8: 226000 | V8: 0,72% | W8: 1,25% | X8: 0,54% | Y8: 75,22% | Z8: 3 | AA8: 7
A9: Tầng 2: CPI × EPI → Xác định VỊ TRÍ trong khung WTP | G9: 362 NGT BN | H9: 14 | I9: 396000 | J9: 289000 | K9: -107000 | L9: 5341510 | M9: 3843510 | N9: -1498000 | O9: -4085455 | Q9: 1146 KVC | R9: 425 | S9: 6 | T9: 396000 | U9: 226000 | V9: 1,41% | W9: 2,47% | X9: 1,06% | Y9: 75,22% | Z9: 5 | AA9: 11
A10: Công thức: P_min = L + α_low × (H-L), P_max = L + α_high × (H-L) | G10: 312 LVS | H10: 12 | I10: 396000 | J10: 284000 | K10: -112000 | L10: 4672520 | M10: 3328520 | N10: -1344000 | O10: -3665455 | Q10: 65 CD | R10: 384 | S10: 2 | T10: 416000 | U10: 238000 | V10: 0,52% | W10: 0,91% | X10: 0,39% | Y10: 74,79% | Z10: 1 | AA10: 3
G11: 483 TN | H11: 9 | I11: 396000 | J11: 253000 | K11: -143000 | L11: 3526980 | M11: 2239980 | N11: -1287000 | O11: -3510000 | Q11: 236 DBT | R11: 812 | S11: 7 | T11: 396000 | U11: 236000 | V11: 0,86% | W11: 1,45% | X11: 0,58% | Y11: 67,80% | Z11: 5 | AA11: 12
A12: MA TRẬN CPI × EPI → HỆ SỐ α | G12: 1371 PVT | H12: 8 | I12: 396000 | J12: 238000 | K12: -158000 | L12: 3139010 | M12: 1875010 | N12: -1264000 | O12: -3447273 | Q12: 99 TSN | R12: 1085 | S12: 13 | T12: 396000 | U12: 236000 | V12: 1,20% | W12: 2,01% | X12: 0,81% | Y12: 67,80% | Z12: 9 | AA12: 22
A13: CPI \ EPI | B13: EPI Thấp | C13: EPI Trung | D13: EPI Trung | G13: 25 TD | H13: 8 | I13: 416000 | J13: 268000 | K13: -148000 | L13: 3278700 | M13: 2094700 | N13: -1184000 | O13: -3229091 | Q13: 927 HG | R13: 1103 | S13: 14 | T13: 396000 | U13: 236000 | V13: 1,27% | W13: 2,13% | X13: 0,86% | Y13: 67,80% | Z13: 9 | AA13: 23
A14: CPI Cao | B14: [0.15 ; 0.35] | C14: [0.25 ; 0.45] | D14: [0.25 ; 0.45] | G14: 103 TN | H14: 11 | I14: 406000 | J14: 301000 | K14: -105000 | L14: 4546000 | M14: 3391000 | N14: -1155000 | O14: -3150000 | Q14: 62 LH | R14: 458 | S14: 2 | T14: 396000 | U14: 236000 | V14: 0,44% | W14: 0,73% | X14: 0,30% | Y14: 67,80% | Z14: 1 | AA14: 3
A15: CPI Trung | B15: [0.25 ; 0.50] | C15: [0.40 ; 0.65] | D15: [0.40 ; 0.65] | G15: 186 DTH | H15: 8 | I15: 396000 | J15: 253000 | K15: -143000 | L15: 3138700 | M15: 1994700 | N15: -1144000 | O15: -3120000 | Q15: 575 AC | R15: 763 | S15: 4 | T15: 396000 | U15: 236000 | V15: 0,52% | W15: 0,88% | X15: 0,36% | Y15: 67,80% | Z15: 3 | AA15: 7
A16: CPI Thấp | B16: [0.40 ; 0.65] | C16: [0.55 ; 0.85] | D16: [0.55 ; 0.85] | G16: 236 DBT | H16: 7 | I16: 396000 | J16: 236000 | K16: -160000 | L16: 2649360 | M16: 1529360 | N16: -1120000 | O16: -3054545 | Q16: 304 NT TH | R16: 259 | S16: 1 | T16: 396000 | U16: 237000 | V16: 0,39% | W16: 0,65% | X16: 0,26% | Y16: 67,09% | Z16: 1 | AA16: 2
G17: 255 NAN | H17: 7 | I17: 396000 | J17: 238000 | K17: -158000 | L17: 2728470 | M17: 1622470 | N17: -1106000 | O17: -3016364 | Q17: 80 TP TH | R17: 398 | S17: 1 | T17: 396000 | U17: 237000 | V17: 0,25% | W17: 0,42% | X17: 0,17% | Y17: 67,09% | Z17: 1 | AA17: 2
A18: 4 KỊCH BẢN VẬN HÀNH | G18: 1146 KVC | H18: 6 | I18: 396000 | J18: 226000 | K18: -170000 | L18: 2376000 | M18: 1356000 | N18: -1020000 | O18: -2781818 | Q18: 145 THT | R18: 1410 | S18: 5 | T18: 396000 | U18: 237000 | V18: 0,35% | W18: 0,59% | X18: 0,24% | Y18: 67,09% | Z18: 3 | AA18: 8
A19: KB1: Hút Traffic | B19: =P_min | C19: Thu hút khách mới | D19: Thu hút khách mới | G19: 730 TL10 | H19: 7 | I19: 396000 | J19: 253000 | K19: -143000 | L19: 2772000 | M19: 1771000 | N19: -1001000 | O19: -2730000 | Q19: 237 NTT | R19: 1372 | S19: 18 | T19: 396000 | U19: 237000 | V19: 1,31% | W19: 2,19% | X19: 0,88% | Y19: 67,09% | Z19: 12 | AA19: 30
A20: KB2: Tăng AOV | B20: =P_max | C20: Tăng doanh thu/margin | D20: Tăng doanh thu/margin | G20: 151 CG | H20: 9 | I20: 396000 | J20: 286000 | K20: -110000 | L20: 3564000 | M20: 2574000 | N20: -990000 | O20: -2700000 | Q20: 255 NAN | R20: 711 | S20: 7 | T20: 396000 | U20: 238000 | V20: 0,98% | W20: 1,64% | X20: 0,65% | Y20: 66,39% | Z20: 5 | AA20: 12
A21: KB3: Cân Bằng | B21: =(P_min + P_max) / 2 | C21: Cân bằng lượng và giá | D21: Cân bằng lượng và giá | G21: 1180 QT | H21: 6 | I21: 396000 | J21: 261000 | K21: -135000 | L21: 2309680 | M21: 1499680 | N21: -810000 | O21: -2209091 | Q21: 1371 PVT | R21: 395 | S21: 8 | T21: 396000 | U21: 238000 | V21: 2,03% | W21: 3,37% | X21: 1,34% | Y21: 66,39% | Z21: 5 | AA21: 13
A22: KB4: Giảm Quá Tải | B22: = P_min + 0.85 × (P_max - P_min) | C22: Điều tiết khi quá đông | D22: Điều tiết khi quá đông | G22: 145 THT | H22: 5 | I22: 396000 | J22: 237000 | K22: -159000 | L22: 1980000 | M22: 1185000 | N22: -795000 | O22: -2168182 | Q22: 29 HB | R22: 762 | S22: 3 | T22: 396000 | U22: 238000 | V22: 0,39% | W22: 0,66% | X22: 0,26% | Y22: 66,39% | Z22: 2 | AA22: 5
G23: 113 THD AG | H23: 4 | I23: 396000 | J23: 201000 | K23: -195000 | L23: 1584000 | M23: 804000 | N23: -780000 | O23: -2127273 | Q23: 451 PVT | R23: 280 | S23: 2 | T23: 396000 | U23: 238000 | V23: 0,71% | W23: 1,19% | X23: 0,47% | Y23: 66,39% | Z23: 1 | AA23: 3
G24: 10 TP | H24: 5 | I24: 396000 | J24: 243000 | K24: -153000 | L24: 1980000 | M24: 1215000 | N24: -765000 | O24: -2086364 | Q24: 90 NH | R24: 516 | S24: 2 | T24: 396000 | U24: 238000 | V24: 0,39% | W24: 0,64% | X24: 0,26% | Y24: 66,39% | Z24: 1 | AA24: 3
G25: 7 DTP LA | H25: 4 | I25: 396000 | J25: 219000 | K25: -177000 | L25: 1584000 | M25: 876000 | N25: -708000 | O25: -1930909 | Q25: 401/1 NDT | R25: 415 | S25: 2 | T25: 396000 | U25: 238000 | V25: 0,48% | W25: 0,80% | X25: 0,32% | Y25: 66,39% | Z25: 1 | AA25: 3
G26: 190 HB | H26: 4 | I26: 396000 | J26: 226000 | K26: -170000 | L26: 1584000 | M26: 904000 | N26: -680000 | O26: -1854545 | Q26: 341 XVNT | R26: 380 | S26: 4 | T26: 396000 | U26: 239000 | V26: 1,05% | W26: 1,74% | X26: 0,69% | Y26: 65,69% | Z26: 3 | AA26: 7
G27: 575 AC | H27: 4 | I27: 396000 | J27: 236000 | K27: -160000 | L27: 1584000 | M27: 944000 | N27: -640000 | O27: -1745455 | Q27: 8 CVL | R27: 862 | S27: 13 | T27: 396000 | U27: 239000 | V27: 1,51% | W27: 2,50% | X27: 0,99% | Y27: 65,69% | Z27: 9 | AA27: 22
G28: 341 XVNT | H28: 4 | I28: 396000 | J28: 239000 | K28: -157000 | L28: 1504800 | M28: 876800 | N28: -628000 | O28: -1712727 | Q28: 10 TP | R28: 768 | S28: 5 | T28: 396000 | U28: 243000 | V28: 0,65% | W28: 1,06% | X28: 0,41% | Y28: 62,96% | Z28: 3 | AA28: 8
G29: 346 KT | H29: 5 | I29: 416000 | J29: 296000 | K29: -120000 | L29: 2080000 | M29: 1480000 | N29: -600000 | O29: -1636364 | Q29: 483 TN | R29: 644 | S29: 9 | T29: 396000 | U29: 253000 | V29: 1,40% | W29: 2,19% | X29: 0,79% | Y29: 56,52% | Z29: 5 | AA29: 14
G30: 11 PKT | H30: 4 | I30: 396000 | J30: 253000 | K30: -143000 | L30: 1584000 | M30: 1012000 | N30: -572000 | O30: -1560000 | Q30: 11 PKT | R30: 442 | S30: 4 | T30: 396000 | U30: 253000 | V30: 0,90% | W30: 1,42% | X30: 0,51% | Y30: 56,52% | Z30: 2 | AA30: 6
G31: 109 TQH | H31: 6 | I31: 396000 | J31: 301000 | K31: -95000 | L31: 2332470 | M31: 1762470 | N31: -570000 | O31: -1554545 | Q31: 730 TL10 | R31: 860 | S31: 7 | T31: 396000 | U31: 253000 | V31: 0,81% | W31: 1,27% | X31: 0,46% | Y31: 56,52% | Z31: 4 | AA31: 11
G32: 148 TD | H32: 6 | I32: 396000 | J32: 305000 | K32: -91000 | L32: 2376000 | M32: 1830000 | N32: -546000 | O32: -1489091 | Q32: 420 HTP | R32: 1100 | S32: 11 | T32: 396000 | U32: 253000 | V32: 1,00% | W32: 1,57% | X32: 0,57% | Y32: 56,52% | Z32: 6 | AA32: 17
G33: 168 NVC | H33: 11 | I33: 416000 | J33: 367000 | K33: -49000 | L33: 4501100 | M33: 3962100 | N33: -539000 | O33: -1470000 | Q33: 186 DTH | R33: 834 | S33: 8 | T33: 396000 | U33: 253000 | V33: 0,96% | W33: 1,50% | X33: 0,54% | Y33: 56,52% | Z33: 5 | AA33: 13
G34: 12 LDT | H34: 5 | I34: 396000 | J34: 291000 | K34: -105000 | L34: 1980000 | M34: 1455000 | N34: -525000 | O34: -1431818 | Q34: 25 TD | R34: 961 | S34: 8 | T34: 416000 | U34: 268000 | V34: 0,83% | W34: 1,29% | X34: 0,46% | Y34: 55,22% | Z34: 4 | AA34: 12
... G55: 58 NVC NA | H55: 1 | I55: 396000 | J55: 319000 | K55: -77000 | L55: 396000 | M55: 319000 | N55: -77000 | O55: -210000 | Q55: 168 NVC | R55: 1050 | S55: 11 | T55: 416000 | U55: 367000 | V55: 1,05% | W55: 1,19% | X55: 0,14% | Y55: 13,35% | Z55: 1 | AA55: 12
G56: TỔNG | H56: 318 | L56: 124918050 | M56: 82945050 | N56: -41973000 | O56: -114471818 | Q56: 264 LLQ | R56: 562 | S56: 6 | T56: 396000 | U56: 352000 | V56: 1,07% | W56: 1,20% | X56: 0,13% | Y56: 12,50% | Z56: 1 | AA56: 7
Q57: 290 QT TH | R57: 319 | S57: 3 | T57: 396000 | U57: 352000 | V57: 0,94% | W57: 1,06% | X57: 0,12% | Y57: 12,50% | Z57: 0 | AA57: 3

Sheet Thay đổi DT Nhuộm
A1: Option giảm giá Uốn | Q1: =SUM(Q5:Q69) | R1: =SUM(R5:R69)
A2: Chỉ số | B2: 11 ngày T3 | C2: Quy tháng (×30/11) | D2: Ước tính số DT thay đổi từ 13-31 tháng 3 | E2: AOV giảm | H2: CHI TIẾT THEO SALON (sắp xếp: % CR cần tăng nhiều nhất → ít nhất)
A3: DT thay đổi | B3: -28510000 | C3: -77754000 | D3: =C3-B3 | E3: =-28510000/39301 | H3: Thông tin | J3: Dịch vụ & Giá | M3: Conversion Rate (CR) | P3: Kết quả cần đạt
A4: → DV_Uốn | B4: -28510000 | C4: -77754000 | D4: =C4-B4 | H4: Salon | I4: Tổng khách (11 ngày) | J4: Số gói hiện tại | K4: Giá cũ (đ) | L4: Giá mới (đ) | M4: CR hiện tại (cũ) | N4: CR cần đạt (mới) | O4: ∆ CR | P4: % CR tăng trưởng | Q4: Gói cần tăng thêm | R4: Gói cần đạt
H5: 7 DTP LA | I5: 296 | J5: 1 | K5: 366000 | L5: 189000 | M5: 0,34% | N5: 0,65% | O5: 0,32% | P5: 93,65% | Q5: 1 | R5: 2
H6: 68 LN NA | I6: 328 | J6: 1 | K6: 332000 | L6: 188000 | M6: 0,30% | N6: 0,54% | O6: 0,23% | P6: 76,60% | Q6: 1 | R6: 2
A7: TRIẾT LÝ CỐT LÕI | H7: 148 TD | I7: 396 | J7: 2 | K7: 366000 | L7: 217000 | M7: 0,51% | N7: 0,85% | O7: 0,35% | P7: 68,66% | Q7: 1 | R7: 3
A8: Tầng 1: WTP → Xác định KHUNG GIÁ [Sàn L ; Trần H] | H8: 1371 PVT | I8: 395 | J8: 4 | K8: 346000 | L8: 210000 | M8: 1,01% | N8: 1,67% | O8: 0,66% | P8: 64,76% | Q8: 3 | R8: 7
A9: Tầng 2: CPI × EPI → Xác định VỊ TRÍ trong khung WTP | H9: 312 LVS | I9: 1191 | J9: 9 | K9: 366000 | L9: 223000 | M9: 0,76% | N9: 1,24% | O9: 0,48% | P9: 64,13% | Q9: 6 | R9: 15
A10: Công thức: P_min = L + α_low × (H-L), P_max = L + α_high × (H-L) | H10: 99 TSN | I10: 1085 | J10: 7 | K10: 366000 | L10: 225000 | M10: 0,65% | N10: 1,05% | O10: 0,40% | P10: 62,67% | Q10: 4 | R10: 11
H11: 10 TP | I11: 768 | J11: 3 | K11: 366000 | L11: 225000 | M11: 0,39% | N11: 0,64% | O11: 0,24% | P11: 62,67% | Q11: 2 | R11: 5
A12: MA TRẬN CPI × EPI → HỆ SỐ α | H12: 575 AC | I12: 763 | J12: 6 | K12: 366000 | L12: 225000 | M12: 0,79% | N12: 1,28% | O12: 0,49% | P12: 62,67% | Q12: 4 | R12: 10
A13: CPI \ EPI | B13: EPI Thấp | C13: EPI Trung | D13: EPI Trung | H13: 8 CVL | I13: 862 | J13: 6 | K13: 366000 | L13: 226000 | M13: 0,70% | N13: 1,13% | O13: 0,43% | P13: 61,95% | Q13: 4 | R13: 10
A14: CPI Cao | B14: [0.15 ; 0.35] | C14: [0.25 ; 0.45] | D14: [0.25 ; 0.45] | H14: 173 TN | I14: 608 | J14: 2 | K14: 366000 | L14: 226000 | M14: 0,33% | N14: 0,53% | O14: 0,20% | P14: 61,95% | Q14: 1 | R14: 3
A15: CPI Trung | B15: [0.25 ; 0.50] | C15: [0.40 ; 0.65] | D15: [0.40 ; 0.65] | H15: 927 HG | I15: 1103 | J15: 4 | K15: 366000 | L15: 226000 | M15: 0,36% | N15: 0,59% | O15: 0,22% | P15: 61,95% | Q15: 2 | R15: 6
A16: CPI Thấp | B16: [0.40 ; 0.65] | C16: [0.55 ; 0.85] | D16: [0.55 ; 0.85] | H16: 113 THD AG | I16: 304 | J16: 3 | K16: 346000 | L16: 214000 | M16: 0,99% | N16: 1,60% | O16: 0,61% | P16: 61,68% | Q16: 2 | R16: 5
H17: 237 NTT | I17: 1372 | J17: 12 | K17: 366000 | L17: 227000 | M17: 0,87% | N17: 1,41% | O17: 0,54% | P17: 61,23% | Q17: 7 | R17: 19
A18: 4 KỊCH BẢN VẬN HÀNH | H18: 12 LDT | I18: 655 | J18: 2 | K18: 366000 | L18: 227000 | M18: 0,31% | N18: 0,49% | O18: 0,19% | P18: 61,23% | Q18: 1 | R18: 3
A19: KB1: Hút Traffic | B19: =P_min | C19: Thu hút khách mới | D19: Thu hút khách mới | H19: 186 DTH | I19: 834 | J19: 5 | K19: 366000 | L19: 227000 | M19: 0,60% | N19: 0,97% | O19: 0,37% | P19: 61,23% | Q19: 3 | R19: 8
A20: KB2: Tăng AOV | B20: =P_max | C20: Tăng doanh thu/margin | D20: Tăng doanh thu/margin | H20: 236 DBT | I20: 812 | J20: 9 | K20: 366000 | L20: 228000 | M20: 1,11% | N20: 1,78% | O20: 0,67% | P20: 60,53% | Q20: 5 | R20: 14
A21: KB3: Cân Bằng | B21: =(P_min + P_max) / 2 | C21: Cân bằng lượng và giá | D21: Cân bằng lượng và giá | H21: 190 HB | I21: 559 | J21: 2 | K21: 346000 | L21: 216000 | M21: 0,36% | N21: 0,57% | O21: 0,22% | P21: 60,19% | Q21: 1 | R21: 3
A22: KB4: Giảm Quá Tải | B22: = P_min + 0.85 × (P_max - P_min) | C22: Điều tiết khi quá đông | D22: Điều tiết khi quá đông | H22: 1146 KVC | I22: 425 | J22: 1 | K22: 346000 | L22: 218000 | M22: 0,24% | N22: 0,37% | O22: 0,14% | P22: 58,72% | Q22: 1 | R22: 2
H23: 451 PVT | I23: 280 | J23: 4 | K23: 332000 | L23: 210000 | M23: 1,43% | N23: 2,26% | O23: 0,83% | P23: 58,10% | Q23: 2 | R23: 6
H24: 1180 QT | I24: 528 | J24: 2 | K24: 346000 | L24: 219000 | M24: 0,38% | N24: 0,60% | O24: 0,22% | P24: 57,99% | Q24: 1 | R24: 3
H25: 25 TD | I25: 961 | J25: 13 | K25: 369000 | L25: 237000 | M25: 1,35% | N25: 2,11% | O25: 0,75% | P25: 55,70% | Q25: 7 | R25: 20
H26: 65 CD | I26: 384 | J26: 4 | K26: 366000 | L26: 240000 | M26: 1,04% | N26: 1,59% | O26: 0,55% | P26: 52,50% | Q26: 2 | R26: 6
H27: 730 TL10 | I27: 860 | J27: 5 | K27: 366000 | L27: 240000 | M27: 0,58% | N27: 0,89% | O27: 0,31% | P27: 52,50% | Q27: 3 | R27: 8
H28: 29 HB | I28: 762 | J28: 9 | K28: 346000 | L28: 227000 | M28: 1,18% | N28: 1,80% | O28: 0,62% | P28: 52,42% | Q28: 5 | R28: 14
H29: 58 NVC NA | I29: 443 | J29: 1 | K29: 346000 | L29: 227000 | M29: 0,23% | N29: 0,34% | O29: 0,12% | P29: 52,42% | Q29: 1 | R29: 2
H30: 401/1 NDT | I30: 415 | J30: 1 | K30: 346000 | L30: 227000 | M30: 0,24% | N30: 0,37% | O30: 0,13% | P30: 52,42% | Q30: 1 | R30: 2
H31: 420 HTP | I31: 1100 | J31: 8 | K31: 366000 | L31: 241000 | M31: 0,73% | N31: 1,10% | O31: 0,38% | P31: 51,87% | Q31: 4 | R31: 12
H32: 708 LTT | I32: 429 | J32: 9 | K32: 346000 | L32: 228000 | M32: 2,10% | N32: 3,18% | O32: 1,09% | P32: 51,75% | Q32: 5 | R32: 14
H33: 76 PVH | I33: 436 | J33: 4 | K33: 346000 | L33: 228000 | M33: 0,92% | N33: 1,39% | O33: 0,47% | P33: 51,75% | Q33: 2 | R33: 6
H34: 362 NGT BN | I34: 926 | J34: 8 | K34: 366000 | L34: 243000 | M34: 0,86% | N34: 1,30% | O34: 0,44% | P34: 50,62% | Q34: 4 | R34: 12
... H56: 363 LNQ TN | I56: 462 | J56: 1 | K56: 366000 | L56: 347000 | M56: 0,22% | N56: 0,23% | O56: 0,01% | P56: 5,48% | Q56: 0 | R56: 1

Sheet Rule điều chỉnh giá DV phụ ngày
A1: Rule định giá DV | F1: Tên dịch vụ | G1: Phân loại dịch vụ
F2: Trẻ hóa da đầu - kích thích mọc tóc | G2: Add-on
A3: Bước 1: Tính tỷ lệ tăng giá DV Cắt xả ID 891 | F3: VH Gội Vip Dưỡng Sinh | G3: Cao cấp
A4: a% = (Giá mới DV 891 - Giá cũ DV 891) / Giá cũ DV 891 × 100 | F4: VH Gội Vip Dưỡng Sinh LRT | G4: Cao cấp
A5: Bước 2: Áp dụng rule theo mức a% | F5: Đánh bay mụn cám lột mụn (Full Face) | G5: Cao cấp
A6: Trường hợp 1: a% ≤ 10% (tăng nhẹ → tăng theo tỷ lệ) | F6: Combo 2 - First Class 2 | G6: Cao cấp
A7: Giá mới nhóm DV khác = Giá cũ DV phụ × (1 + a%) | F7: Combo 3 - First Class 3 | G7: Cao cấp
A8: Ý nghĩa: Tất cả DV tăng cùng tỷ lệ % với DV 891. Ví dụ DV 891 tăng 2% thì tất cả DV khác cũng tăng 2%. | F8: Combo 4 | G8: Cao cấp
F9: Combo 4- First Class 4 | G9: Cao cấp
A10: Trường hợp 2: a% > 10% (tăng mạnh → tăng cùng số tiền) | F10: Combo Best choice | G10: Cao cấp
A11: Giá mới DV khác = Giá cũ DV + Chênh lệch giá DV 891 | F11: Cắt Gội Combo 3 - Chăm da | G11: Cao cấp
A12: Ý nghĩa: Khi mức tăng % quá lớn (>10%), nếu áp theo tỷ lệ thì DV giá cao sẽ tăng quá nhiều. Nên chuyển sang tăng cùng số tiền tuyệt đối với DV 891. | F12: Cắt Gội Combo 3 - Dưỡng sinh | G12: Cao cấp
F13: Cắt Gội Combo 5 - Chăm da | G13: Cao cấp
A14: VÍ DỤ MINH HỌA | F14: Cắt Gội Combo 5 - Dưỡng sinh | G14: Cao cấp
A15: Ví dụ 1: Salon 341 XVNT — a% = 2.1% (≤ 10% → tăng theo tỷ lệ) | F15: VH Cắt gội dưỡng sinh Vip | G15: Cao cấp
A16: DV 891: 95.000đ → 97.000đ (+2.000đ) → a% = 2.1% | F16: VH Cắt gội dưỡng sinh Vip LRT | G16: Cao cấp
A17: Dịch vụ phụ | B17: Giá cũ | C17: Công thức | D17: Giá mới theo rule | F17: VH Cắt gội thư giãn phục hồi | G17: Cao cấp
A18: Kid Cắt | B18: 76.000đ | C18: 76.000 × 1.021 | D18: 78.000đ (+2.000đ) | F18: Combo 1 - First Class 1 | G18: Cao cấp
A19: Shinecombo 2 | B19: 200.000đ | C19: 200.000 × 1.021 | D19: 204.000đ (+4.000đ) | F19: GenZ - Combo 3 | G19: Cao cấp
A20: Cắt Gội Combo 3 CD | B20: 300.000đ | C20: 300.000 × 1.021 | D20: 306.000đ (+6.000đ) | F20: GenZ - Shine combo | G20: Cao cấp
A21: Gội trải nghiệm 75p | B21: 585.000đ | C21: 585.000 × 1.021 | D21: 597.000đ (+12.000đ) | F21: Shine cut Genz | G21: Cao cấp
F22: Shinecombo 2 | G22: Core
A23: → DV giá thấp (Kid Cắt 76K) chỉ tăng 2K, DV giá cao (Gội TN 597K) tăng 12K — tỷ lệ đều 2.1% | F23: Shinecombo Genz | G23: Neo ngành
A24: Ví dụ 2: Salon 264 LLQ — a% = 19.1% (> 10% → tăng cùng số tiền) | F24: [DV] ShineCombo 10 bước Ultra Care 2023 | G24: Core
A25: DV 891: 94.000đ → 112.000đ (+18.000đ) → a% = 19.1% (> 10%) | F25: combo cắt gội tiện lợi | G25: Cao cấp
A26: Dịch vụ phụ | B26: Giá cũ | C26: Công thức | D26: Giá mới theo rule | F26: Combo cắt gội đỉnh cao thư giãn vip | G26: Cao cấp
A27: Kid Cắt | B27: 75.000đ | C27: 75.000 + 18.000 | D27: 93.000đ (+18.000đ) | F27: Combo Cắt gội Kid | G27: Neo ngành
A28: Shinecombo 2 | B28: 199.000đ | C28: 199.000 + 18.000 | D28: 217.000đ (+18.000đ) | F28: Kid Cắt | G28: Add-on
A29: Cắt Gội Combo 3 CD | B29: 299.000đ | C29: 299.000 + 18.000 | D29: 317.000đ (+18.000đ) | F29: Cắt xả tạo kiểu | G29: Core
A30: Gội trải nghiệm 75p | B30: 589.000đ | C30: 589.000 + 18.000 | D30: 607.000đ (+18.000đ) | F30: [DV] Vuốt sáp - sấy tạo kiểu 10k | G30: Add-on
F31: Gội Combo 2 | G31: Cao cấp
A32: → Tất cả DV đều tăng đúng 18.000đ — cùng số tiền tuyệt đối | F32: Gội Combo 3 - Chăm da | G32: Cao cấp
F33: Gội Combo 4 | G33: Cao cấp
F34: Gội Combo 5 - Chăm da | G34: Cao cấp
F35: Gội Detox Scalp Pro | G35: Cao cấp
F36: Gội dưỡng sinh cổ vai gáy | G36: Neo ngành
F37: Gội paradise LRT plus | G37: Cao cấp
F38: [NEW] Gội dưỡng sinh | G38: Neo ngành
F39: [NEW] Gội dưỡng sinh cổ vai gáy và chăm sóc da | G39: Neo ngành
F40: [NEW] Gội dưỡng sinh đá nóng - Paradise dưỡng sinh đá nóng | G40: Cao cấp
F41: Gội combo 3 - Dưỡng sinh | G41: Cao cấp
F42: Gội combo 5 dưỡng sinh | G42: Cao cấp
F43: Gội trải nghiệm 115p | G43: Cao cấp đặc biệt
F44: Gội trải nghiệm 140p | G44: Cao cấp đặc biệt
... F54: [DV] Thư giãn cổ, vai, gáy bạc hà cam ngọt - Thư giãn tai sảng khoái 9 tầng mây 45k | G54: Entry

Sheet Rule Back giá DV ngày 24 3
A1: RULE BACK GIÁ DỊCH VỤ - 7 NGUYÊN TẮC
A3: Rule | B3: Nguyên tắc | C3: Điều kiện áp dụng | D3: Lý do
A4: Rule 1 | B4: DV Cắt xả (891): KHÔNG BACK | C4: Mức tăng 1K-4K. Ngoại lệ: 264 LLQ (+18K), 7 DTP LA (+7K) | D4: Cắt xả là DV cơ bản, khách hàng ít so sánh giá cross-salon. Salerate tăng ở hầu hết salon
A5: Rule 2 | B5: DV Gội trải nghiệm: BACK | C5: Tăng > 15.000đ (Gội TN 75p/90p/115p/140p) | D5: DV trải nghiệm có elasticity cao (mua thêm, không bắt buộc). Tăng > 15K vượt ngưỡng chịu đựng
A6: Rule 3 | B6: DV Gội Combo 2: BACK | C6: Tăng > 5.000đ VÀ salon CPI ≥ 0.6 | D6: DV tần suất cao, khách dùng thường xuyên → nhạy giá hơn DV low-frequency
A7: Rule 4 | B7: Cắt VIP Combo 4: BACK | C7: Tăng > 10.000đ | D7: Combo 4 là "upgrade" từ Combo 3, giá cao hơn → khách dễ trade-down về Combo 3
A8: Rule 5 | B8: Cắt Gội Combo 3 (CD/DS): BACK | C8: Tăng > 8.000đ VÀ salon CPI ≥ 0.5 | D8: DV giữa cắt cơ bản và VIP cao cấp, khách dễ chuyển xuống SC nếu giá tăng
A9: Rule 6 | B9: Gội dưỡng sinh CVG: BACK | C9: Tăng > 3.000đ | D9: DV giá base thấp → mức tăng nhỏ cũng tạo % tăng lớn. Nhiều salon mất hoàn toàn salerate
A10: Rule 7 | B10: Salon độc lập: Ưu tiên back | C10: Không có cụm so sánh | D10: Salon độc lập không hưởng lợi từ "chuẩn giá vùng" - khách không có reference point
A11: Rule 8 | B11: Các salon cùng cụm ưu tiên có giá dịch vụ Core Cắt xả giống nhau | C11: Các salon cùng 1 cụm | D11: Tránh khách hàng so sánh giá giữa các salon gần nhau
A12: NGƯỠNG TĂNG AN TOÀN THEO CPI
A13: CPI Level | B13: Ngưỡng an toàn DV phụ | C13: Ngưỡng gây giảm CR
A14: CPI Cao (≥0.6) | B14: ≤ 5.000đ | C14: > 8.000đ
A15: CPI Trung (0.4-0.6) | B15: ≤ 8.000đ | C15: > 12.000đ

Sheet Đề xuất back giá ngày 24 3
A1: Tổng quan
A2: Tên Salon | B2: ID Salon | C2: Cụm | D2: CPI | E2: CPI Level | F2: EPI | G2: EPI Level | H2: CR thay đổi (%) | I2: Nhóm đề xuất | J2: Logic / Benchmark cụm
A3: 264 LLQ | B3: 192 | C3: 29 | D3: 0.57 | E3: Trung | F3: 0.43 | G3: Trung | H3: -5.7 | I3: Back ngay | J3: Tăng đồng loạt +18K, vượt xa cụm (168 NVC chỉ +9K). Back về +9K chuẩn cụm 29
A4: 7 DTP LA | B4: 199 | C4: Độc lập | D4: 0.53 | E4: Trung | F4: 0.38 | G4: Thấp | H4: -10.7 | I4: Back ngay | J4: Salon độc lập Long An, CPI 0.53 Trung + EPI 0.38 Thấp. DV phụ tăng quá cao cho thị trường tỉnh
A5: 80 TP TH | B5: 232 | C5: 9 | D5: 0.52 | E5: Trung | F5: 0.41 | G5: Thấp | H5: -14.1 | I5: Back ngay | J5: Thanh Hóa thị trường nhạy giá. DV phụ tăng 14K-68K vượt khả năng chịu giá
A6: 708 LTT | B6: 47 | C6: 25 | D6: 0.56 | E6: Trung | F6: 0.36 | G6: Thấp | H6: -8.8 | I6: Back ngay | J6: 32 NAT cùng cụm EPI 0.42 → CR +10%. 708 LTT EPI 0.36 → khách ít sẵn sàng chi
A7: 346 KT | B7: 2 | C7: 3 | D7: 0.66 | E7: Cao | F7: 0.47 | G7: Cao | H7: -6.9 | I7: Back ngay | J7: CPI 0.66 Cao, Cắt Gội C3 CD là DV nhạy nhất
A8: 575 AC | B8: 21 | C8: 18 | D8: 0.64 | E8: Cao | F8: 0.45 | G8: Trung | H8: -12.9 | I8: Back chọn lọc | J8: 99 TSN cùng cụm, cùng mức tăng → CR OK. Khác biệt do cơ cấu khách
A9: 148 TD | B9: 210 | C9: 6 | D9: 0.64 | E9: Cao | F9: 0.36 | G9: Thấp | H9: -5.3 | I9: Back chọn lọc | J9: 173 TN cùng cụm chỉ tăng 2K → CR -1.4%. 148 TD DV phụ cao hơn
A10: 76 PVH | B10: 106 | C10: 25 | D10: 0.5 | E10: Trung | F10: 0.37 | G10: Thấp | H10: -3.9 | I10: Back chọn lọc | J10: CPI 0.50 thấp nhất cụm 25, nhạy giá hơn 32 NAT (0.56)
A11: 11 PKT | B11: 244 | C11: 30 | D11: 0.45 | E11: Trung | F11: 0.44 | G11: Trung | H11: -27.5 | I11: Back chọn lọc | J11: CPI 0.45 thấp nhất cụm 30. Khách nhạy giá hơn
A12: 236 DBT | B12: 141 | C12: 20 | D12: 0.65 | E12: Cao | F12: 0.42 | G12: Trung | H12: -3.7 | I12: Theo dõi | J12: Mức tăng thấp 3K. Giảm do Gội C2 & SC10 giá không đổi
A13: 186 DTH | B13: 182 | C13: 24 | D13: 0.63 | E13: Cao | F13: 0.44 | G13: Trung | H13: -2.9 | I13: Theo dõi | J13: Mức tăng 1K. Giảm nhẹ, tự phục hồi
A14: 10 TP | B14: 143 | C14: 7 | D14: 0.68 | E14: Cao | F14: 0.45 | G14: Trung | H14: -3.9 | I14: Theo dõi | J14: Mức tăng 1K. Xem xét back Gội C2 nếu tiếp tục giảm
A15: 103 TN | B15: 44 | C15: 24 | D15: 0.56 | E15: Trung | F15: 0.49 | G15: Cao | H15: -1.8 | I15: Theo dõi | J15: Combo 2 FC2 tăng tốt. Cấu trúc OK
A16: 173 TN | B16: 250 | C16: 6 | D16: 0.65 | E16: Cao | F16: 0.44 | G16: Trung | H16: -1.4 | I16: Theo dõi | J16: Giảm do SC10 giảm tự nhiên
A17: 68 LN NA | B17: 240 | C17: Độc lập | D17: 0.45 | E17: Trung | F17: 0.39 | G17: Thấp | H17: -10.9 | I17: Không back (vận hành) | J17: Giá chỉ tăng 3K. Giảm CR do LRT -65% & CS -63% (giá không đổi) → Vận hành
A19: Chi tiết
A20: Tên Salon | B20: ID Salon | C20: Tên dịch vụ | D20: ID DV | E20: Nhóm ngành | F20: Giá cũ (trước 14/3) | G20: Giá đang chạy (hiện tại) | H20: Giá đề xuất điều chỉnh | I20: Chênh lệch (đề xuất vs hiện tại) | J20: Rule áp dụng
A21: 11 PKT | B21: 244 | C21: Cắt Gội Combo 3 - Chăm da | D21: 1047 | E21: DV_Cắt_Vip | F21: 305000 | G21: 317000 | H21: 309000 | I21: -8000 | J21: Rule 5
A22: 11 PKT | B22: 244 | C22: Gội Combo 3 - Chăm da | D22: 1059 | E22: DV_Gội | F22: 239000 | G22: 249000 | H22: 243000 | I22: -6000 | J22: Rule 5
A23: 11 PKT | B23: 244 | C23: Gội Combo 4 | D23: 1060 | E23: DV_Gội | F23: 289000 | G23: 302000 | H23: 289000 | I23: -13000 | J23: Rule 4
A24: 11 PKT | B24: 244 | C24: Gội dưỡng sinh cổ vai gáy | D24: 867 | E24: DV_Gội | F24: 99000 | G24: 103000 | H24: 99000 | I24: -4000 | J24: Rule 6
A25: 11 PKT | B25: 244 | C25: Gội trải nghiệm 75p | D25: 1066 | E25: DV_Gội | F25: 589000 | G25: 613000 | H25: 594000 | I25: -19000 | J25: Rule 2
A26: 11 PKT | B26: 244 | C26: Shinecombo 2 | D26: 1046 | E26: DV_Cắt_Vip | F26: 205000 | G26: 213000 | H26: 209000 | I26: -4000 | J26: Benchmark cụm
A27: 11 PKT | B27: 244 | C27: [NEW] Gội dưỡng sinh | D27: 940 | E27: DV_Gội | F27: 59000 | G27: 61000 | H27: 59000 | I27: -2000 | J27: Rule 2/3
A28: 11 PKT | B28: 244 | C28: [NEW] Gội dưỡng sinh cổ vai gáy và chăm sóc da | D28: 930 | E28: DV_Gội | F28: 139000 | G28: 145000 | H28: 139000 | I28: -6000 | J28: Rule 6
A29: 148 TD | B29: 210 | C29: Combo 4 | D29: 1048 | E29: DV_Cắt_Vip | F29: 391000 | G29: 407000 | H29: 399000 | I29: -8000 | J29: Rule 4
A30: 148 TD | B30: 210 | C30: Gội Combo 2 | D30: 1058 | E30: DV_Gội | F30: 159000 | G30: 166000 | H30: 162000 | I30: -4000 | J30: Rule 3
A31: 148 TD | B31: 210 | C31: Gội Combo 4 | D31: 1060 | E31: DV_Gội | F31: 289000 | G31: 302000 | H31: 297000 | I31: -5000 | J31: Rule 4
A32: 148 TD | B32: 210 | C32: Gội trải nghiệm 75p | D32: 1066 | E32: DV_Gội | F32: 589000 | G32: 614000 | H32: 597000 | I32: -17000 | J32: Rule 2
... A117: 80 TP TH | B117: 232 | C117: [NEW] Gội dưỡng sinh cổ vai gáy và chăm sóc da | D117: 930 | E117: DV_Gội | F117: 139000 | G117: 148000 | H117: 146000 | I117: -2000 | J117: Rule 6
